dataset,task_id,valid,error_type,hallucination_subtype,can_repair,flaky,failure_count
DS1000,0,,no_tests,,False,False,
DS1000,1,,no_tests,,False,False,
DS1000,2,,no_tests,,False,False,
DS1000,3,,no_tests,,False,False,
DS1000,4,,no_tests,,False,False,
DS1000,5,,no_tests,,False,False,
DS1000,6,,no_tests,,False,False,
DS1000,7,,no_tests,,False,False,
DS1000,8,,no_tests,,False,False,
DS1000,9,,no_tests,,False,False,
DS1000,10,,no_tests,,False,False,
DS1000,11,,no_tests,,False,False,
DS1000,12,,no_tests,,False,False,
DS1000,13,,no_tests,,False,False,
DS1000,14,,no_tests,,False,False,
DS1000,15,,no_tests,,False,False,
DS1000,16,,no_tests,,False,False,
DS1000,17,,no_tests,,False,False,
DS1000,18,,no_tests,,False,False,
DS1000,19,,no_tests,,False,False,
DS1000,20,,no_tests,,False,False,
DS1000,21,,no_tests,,False,False,
DS1000,22,,no_tests,,False,False,
DS1000,23,,no_tests,,False,False,
DS1000,24,,no_tests,,False,False,
DS1000,25,,no_tests,,False,False,
DS1000,26,,no_tests,,False,False,
DS1000,27,,no_tests,,False,False,
DS1000,28,,no_tests,,False,False,
DS1000,29,,no_tests,,False,False,
DS1000,30,,no_tests,,False,False,
DS1000,31,,no_tests,,False,False,
DS1000,32,,no_tests,,False,False,
DS1000,33,,no_tests,,False,False,
DS1000,34,,no_tests,,False,False,
DS1000,35,,no_tests,,False,False,
DS1000,36,,no_tests,,False,False,
DS1000,37,,no_tests,,False,False,
DS1000,38,,no_tests,,False,False,
DS1000,39,,no_tests,,False,False,
DS1000,40,,no_tests,,False,False,
DS1000,41,,no_tests,,False,False,
DS1000,42,,no_tests,,False,False,
DS1000,43,,no_tests,,False,False,
DS1000,44,,no_tests,,False,False,
DS1000,45,,no_tests,,False,False,
DS1000,46,,no_tests,,False,False,
DS1000,47,,no_tests,,False,False,
DS1000,48,,no_tests,,False,False,
DS1000,49,,no_tests,,False,False,
DS1000,50,,no_tests,,False,False,
DS1000,51,,no_tests,,False,False,
DS1000,52,,no_tests,,False,False,
DS1000,53,,no_tests,,False,False,
DS1000,54,,no_tests,,False,False,
DS1000,55,,no_tests,,False,False,
DS1000,56,,no_tests,,False,False,
DS1000,57,,no_tests,,False,False,
DS1000,58,,no_tests,,False,False,
DS1000,59,,no_tests,,False,False,
DS1000,60,,no_tests,,False,False,
DS1000,61,,no_tests,,False,False,
DS1000,62,,no_tests,,False,False,
DS1000,63,,no_tests,,False,False,
DS1000,64,,no_tests,,False,False,
DS1000,65,,no_tests,,False,False,
DS1000,66,,no_tests,,False,False,
DS1000,67,,no_tests,,False,False,
DS1000,68,,no_tests,,False,False,
DS1000,69,,no_tests,,False,False,
DS1000,70,,no_tests,,False,False,
DS1000,71,,no_tests,,False,False,
DS1000,72,,no_tests,,False,False,
DS1000,73,,no_tests,,False,False,
DS1000,74,,no_tests,,False,False,
DS1000,75,,no_tests,,False,False,
DS1000,76,,no_tests,,False,False,
DS1000,77,,no_tests,,False,False,
DS1000,78,,no_tests,,False,False,
DS1000,79,,no_tests,,False,False,
DS1000,80,,no_tests,,False,False,
DS1000,81,,no_tests,,False,False,
DS1000,82,,no_tests,,False,False,
DS1000,83,,no_tests,,False,False,
DS1000,84,,no_tests,,False,False,
DS1000,85,,no_tests,,False,False,
DS1000,86,,no_tests,,False,False,
DS1000,87,,no_tests,,False,False,
DS1000,88,,no_tests,,False,False,
DS1000,89,,no_tests,,False,False,
DS1000,90,,no_tests,,False,False,
DS1000,91,,no_tests,,False,False,
DS1000,92,,no_tests,,False,False,
DS1000,93,,no_tests,,False,False,
DS1000,94,,no_tests,,False,False,
DS1000,95,,no_tests,,False,False,
DS1000,96,,no_tests,,False,False,
DS1000,97,,no_tests,,False,False,
DS1000,98,,no_tests,,False,False,
DS1000,99,,no_tests,,False,False,
DS1000,100,,no_tests,,False,False,
DS1000,101,,no_tests,,False,False,
DS1000,102,,no_tests,,False,False,
DS1000,103,,no_tests,,False,False,
DS1000,104,,no_tests,,False,False,
DS1000,105,,no_tests,,False,False,
DS1000,106,,no_tests,,False,False,
DS1000,107,,no_tests,,False,False,
DS1000,108,,no_tests,,False,False,
DS1000,109,,no_tests,,False,False,
DS1000,110,,no_tests,,False,False,
DS1000,111,,no_tests,,False,False,
DS1000,112,,no_tests,,False,False,
DS1000,113,,no_tests,,False,False,
DS1000,114,,no_tests,,False,False,
DS1000,115,,no_tests,,False,False,
DS1000,116,,no_tests,,False,False,
DS1000,117,,no_tests,,False,False,
DS1000,118,,no_tests,,False,False,
DS1000,119,,no_tests,,False,False,
DS1000,120,,no_tests,,False,False,
DS1000,121,,no_tests,,False,False,
DS1000,122,,no_tests,,False,False,
DS1000,123,,no_tests,,False,False,
DS1000,124,,no_tests,,False,False,
DS1000,125,,no_tests,,False,False,
DS1000,126,,no_tests,,False,False,
DS1000,127,,no_tests,,False,False,
DS1000,128,,no_tests,,False,False,
DS1000,129,,no_tests,,False,False,
DS1000,130,,no_tests,,False,False,
DS1000,131,,no_tests,,False,False,
DS1000,132,,no_tests,,False,False,
DS1000,133,,no_tests,,False,False,
DS1000,134,,no_tests,,False,False,
DS1000,135,,no_tests,,False,False,
DS1000,136,,no_tests,,False,False,
DS1000,137,,no_tests,,False,False,
DS1000,138,,no_tests,,False,False,
DS1000,139,,no_tests,,False,False,
DS1000,140,,no_tests,,False,False,
DS1000,141,,no_tests,,False,False,
DS1000,142,,no_tests,,False,False,
DS1000,143,,no_tests,,False,False,
DS1000,144,,no_tests,,False,False,
DS1000,145,,no_tests,,False,False,
DS1000,146,,no_tests,,False,False,
DS1000,147,,no_tests,,False,False,
DS1000,148,,no_tests,,False,False,
DS1000,149,,no_tests,,False,False,
DS1000,150,,no_tests,,False,False,
DS1000,151,,no_tests,,False,False,
DS1000,152,,no_tests,,False,False,
DS1000,153,,no_tests,,False,False,
DS1000,154,,no_tests,,False,False,
DS1000,155,,no_tests,,False,False,
DS1000,156,,no_tests,,False,False,
DS1000,157,,no_tests,,False,False,
DS1000,158,,no_tests,,False,False,
DS1000,159,,no_tests,,False,False,
DS1000,160,,no_tests,,False,False,
DS1000,161,,no_tests,,False,False,
DS1000,162,,no_tests,,False,False,
DS1000,163,,no_tests,,False,False,
DS1000,164,,no_tests,,False,False,
DS1000,165,,no_tests,,False,False,
DS1000,166,,no_tests,,False,False,
DS1000,167,,no_tests,,False,False,
DS1000,168,,no_tests,,False,False,
DS1000,169,,no_tests,,False,False,
DS1000,170,,no_tests,,False,False,
DS1000,171,,no_tests,,False,False,
DS1000,172,,no_tests,,False,False,
DS1000,173,,no_tests,,False,False,
DS1000,174,,no_tests,,False,False,
DS1000,175,,no_tests,,False,False,
DS1000,176,,no_tests,,False,False,
DS1000,177,,no_tests,,False,False,
DS1000,178,,no_tests,,False,False,
DS1000,179,,no_tests,,False,False,
DS1000,180,,no_tests,,False,False,
DS1000,181,,no_tests,,False,False,
DS1000,182,,no_tests,,False,False,
DS1000,183,,no_tests,,False,False,
DS1000,184,,no_tests,,False,False,
DS1000,185,,no_tests,,False,False,
DS1000,186,,no_tests,,False,False,
DS1000,187,,no_tests,,False,False,
DS1000,188,,no_tests,,False,False,
DS1000,189,,no_tests,,False,False,
DS1000,190,,no_tests,,False,False,
DS1000,191,,no_tests,,False,False,
DS1000,192,,no_tests,,False,False,
DS1000,193,,no_tests,,False,False,
DS1000,194,,no_tests,,False,False,
DS1000,195,,no_tests,,False,False,
DS1000,196,,no_tests,,False,False,
DS1000,197,,no_tests,,False,False,
DS1000,198,,no_tests,,False,False,
DS1000,199,,no_tests,,False,False,
DS1000,200,,no_tests,,False,False,
DS1000,201,,no_tests,,False,False,
DS1000,202,,no_tests,,False,False,
DS1000,203,,no_tests,,False,False,
DS1000,204,,no_tests,,False,False,
DS1000,205,,no_tests,,False,False,
DS1000,206,,no_tests,,False,False,
DS1000,207,,no_tests,,False,False,
DS1000,208,,no_tests,,False,False,
DS1000,209,,no_tests,,False,False,
DS1000,210,,no_tests,,False,False,
DS1000,211,,no_tests,,False,False,
DS1000,212,,no_tests,,False,False,
DS1000,213,,no_tests,,False,False,
DS1000,214,,no_tests,,False,False,
DS1000,215,,no_tests,,False,False,
DS1000,216,,no_tests,,False,False,
DS1000,217,,no_tests,,False,False,
DS1000,218,,no_tests,,False,False,
DS1000,219,,no_tests,,False,False,
DS1000,220,,no_tests,,False,False,
DS1000,221,,no_tests,,False,False,
DS1000,222,,no_tests,,False,False,
DS1000,223,,no_tests,,False,False,
DS1000,224,,no_tests,,False,False,
DS1000,225,,no_tests,,False,False,
DS1000,226,,no_tests,,False,False,
DS1000,227,,no_tests,,False,False,
DS1000,228,,no_tests,,False,False,
DS1000,229,,no_tests,,False,False,
DS1000,230,,no_tests,,False,False,
DS1000,231,,no_tests,,False,False,
DS1000,232,,no_tests,,False,False,
DS1000,233,,no_tests,,False,False,
DS1000,234,,no_tests,,False,False,
DS1000,235,,no_tests,,False,False,
DS1000,236,,no_tests,,False,False,
DS1000,237,,no_tests,,False,False,
DS1000,238,,no_tests,,False,False,
DS1000,239,,no_tests,,False,False,
DS1000,240,,no_tests,,False,False,
DS1000,241,,no_tests,,False,False,
DS1000,242,,no_tests,,False,False,
DS1000,243,,no_tests,,False,False,
DS1000,244,,no_tests,,False,False,
DS1000,245,,no_tests,,False,False,
DS1000,246,,no_tests,,False,False,
DS1000,247,,no_tests,,False,False,
DS1000,248,,no_tests,,False,False,
DS1000,249,,no_tests,,False,False,
DS1000,250,,no_tests,,False,False,
DS1000,251,,no_tests,,False,False,
DS1000,252,,no_tests,,False,False,
DS1000,253,,no_tests,,False,False,
DS1000,254,,no_tests,,False,False,
DS1000,255,,no_tests,,False,False,
DS1000,256,,no_tests,,False,False,
DS1000,257,,no_tests,,False,False,
DS1000,258,,no_tests,,False,False,
DS1000,259,,no_tests,,False,False,
DS1000,260,,no_tests,,False,False,
DS1000,261,,no_tests,,False,False,
DS1000,262,,no_tests,,False,False,
DS1000,263,,no_tests,,False,False,
DS1000,264,,no_tests,,False,False,
DS1000,265,,no_tests,,False,False,
DS1000,266,,no_tests,,False,False,
DS1000,267,,no_tests,,False,False,
DS1000,268,,no_tests,,False,False,
DS1000,269,,no_tests,,False,False,
DS1000,270,,no_tests,,False,False,
DS1000,271,,no_tests,,False,False,
DS1000,272,,no_tests,,False,False,
DS1000,273,,no_tests,,False,False,
DS1000,274,,no_tests,,False,False,
DS1000,275,,no_tests,,False,False,
DS1000,276,,no_tests,,False,False,
DS1000,277,,no_tests,,False,False,
DS1000,278,,no_tests,,False,False,
DS1000,279,,no_tests,,False,False,
DS1000,280,,no_tests,,False,False,
DS1000,281,,no_tests,,False,False,
DS1000,282,,no_tests,,False,False,
DS1000,283,,no_tests,,False,False,
DS1000,284,,no_tests,,False,False,
DS1000,285,,no_tests,,False,False,
DS1000,286,,no_tests,,False,False,
DS1000,287,,no_tests,,False,False,
DS1000,288,,no_tests,,False,False,
DS1000,289,,no_tests,,False,False,
DS1000,290,,no_tests,,False,False,
DS1000,291,,no_tests,,False,False,
DS1000,292,,no_tests,,False,False,
DS1000,293,,no_tests,,False,False,
DS1000,294,,no_tests,,False,False,
DS1000,295,,no_tests,,False,False,
DS1000,296,,no_tests,,False,False,
DS1000,297,,no_tests,,False,False,
DS1000,298,,no_tests,,False,False,
DS1000,299,,no_tests,,False,False,
DS1000,300,,no_tests,,False,False,
DS1000,301,,no_tests,,False,False,
DS1000,302,,no_tests,,False,False,
DS1000,303,,no_tests,,False,False,
DS1000,304,,no_tests,,False,False,
DS1000,305,,no_tests,,False,False,
DS1000,306,,no_tests,,False,False,
DS1000,307,,no_tests,,False,False,
DS1000,308,,no_tests,,False,False,
DS1000,309,,no_tests,,False,False,
DS1000,310,,no_tests,,False,False,
DS1000,311,,no_tests,,False,False,
DS1000,312,,no_tests,,False,False,
DS1000,313,,no_tests,,False,False,
DS1000,314,,no_tests,,False,False,
DS1000,315,,no_tests,,False,False,
DS1000,316,,no_tests,,False,False,
DS1000,317,,no_tests,,False,False,
DS1000,318,,no_tests,,False,False,
DS1000,319,,no_tests,,False,False,
DS1000,320,,no_tests,,False,False,
DS1000,321,,no_tests,,False,False,
DS1000,322,,no_tests,,False,False,
DS1000,323,,no_tests,,False,False,
DS1000,324,,no_tests,,False,False,
DS1000,325,,no_tests,,False,False,
DS1000,326,,no_tests,,False,False,
DS1000,327,,no_tests,,False,False,
DS1000,328,,no_tests,,False,False,
DS1000,329,,no_tests,,False,False,
DS1000,330,,no_tests,,False,False,
DS1000,331,,no_tests,,False,False,
DS1000,332,,no_tests,,False,False,
DS1000,333,,no_tests,,False,False,
DS1000,334,,no_tests,,False,False,
DS1000,335,,no_tests,,False,False,
DS1000,336,,no_tests,,False,False,
DS1000,337,,no_tests,,False,False,
DS1000,338,,no_tests,,False,False,
DS1000,339,,no_tests,,False,False,
DS1000,340,,no_tests,,False,False,
DS1000,341,,no_tests,,False,False,
DS1000,342,,no_tests,,False,False,
DS1000,343,,no_tests,,False,False,
DS1000,344,,no_tests,,False,False,
DS1000,345,,no_tests,,False,False,
DS1000,346,,no_tests,,False,False,
DS1000,347,,no_tests,,False,False,
DS1000,348,,no_tests,,False,False,
DS1000,349,,no_tests,,False,False,
DS1000,350,,no_tests,,False,False,
DS1000,351,,no_tests,,False,False,
DS1000,352,,no_tests,,False,False,
DS1000,353,,no_tests,,False,False,
DS1000,354,,no_tests,,False,False,
DS1000,355,,no_tests,,False,False,
DS1000,356,,no_tests,,False,False,
DS1000,357,,no_tests,,False,False,
DS1000,358,,no_tests,,False,False,
DS1000,359,,no_tests,,False,False,
DS1000,360,,no_tests,,False,False,
DS1000,361,,no_tests,,False,False,
DS1000,362,,no_tests,,False,False,
DS1000,363,,no_tests,,False,False,
DS1000,364,,no_tests,,False,False,
DS1000,365,,no_tests,,False,False,
DS1000,366,,no_tests,,False,False,
DS1000,367,,no_tests,,False,False,
DS1000,368,,no_tests,,False,False,
DS1000,369,,no_tests,,False,False,
DS1000,370,,no_tests,,False,False,
DS1000,371,,no_tests,,False,False,
DS1000,372,,no_tests,,False,False,
DS1000,373,,no_tests,,False,False,
DS1000,374,,no_tests,,False,False,
DS1000,375,,no_tests,,False,False,
DS1000,376,,no_tests,,False,False,
DS1000,377,,no_tests,,False,False,
DS1000,378,,no_tests,,False,False,
DS1000,379,,no_tests,,False,False,
DS1000,380,,no_tests,,False,False,
DS1000,381,,no_tests,,False,False,
DS1000,382,,no_tests,,False,False,
DS1000,383,,no_tests,,False,False,
DS1000,384,,no_tests,,False,False,
DS1000,385,,no_tests,,False,False,
DS1000,386,,no_tests,,False,False,
DS1000,387,,no_tests,,False,False,
DS1000,388,,no_tests,,False,False,
DS1000,389,,no_tests,,False,False,
DS1000,390,,no_tests,,False,False,
DS1000,391,,no_tests,,False,False,
DS1000,392,,no_tests,,False,False,
DS1000,393,,no_tests,,False,False,
DS1000,394,,no_tests,,False,False,
DS1000,395,,no_tests,,False,False,
DS1000,396,,no_tests,,False,False,
DS1000,397,,no_tests,,False,False,
DS1000,398,,no_tests,,False,False,
DS1000,399,,no_tests,,False,False,
DS1000,400,,no_tests,,False,False,
DS1000,401,,no_tests,,False,False,
DS1000,402,,no_tests,,False,False,
DS1000,403,,no_tests,,False,False,
DS1000,404,,no_tests,,False,False,
DS1000,405,,no_tests,,False,False,
DS1000,406,,no_tests,,False,False,
DS1000,407,,no_tests,,False,False,
DS1000,408,,no_tests,,False,False,
DS1000,409,,no_tests,,False,False,
DS1000,410,,no_tests,,False,False,
DS1000,411,,no_tests,,False,False,
DS1000,412,,no_tests,,False,False,
DS1000,413,,no_tests,,False,False,
DS1000,414,,no_tests,,False,False,
DS1000,415,,no_tests,,False,False,
DS1000,416,,no_tests,,False,False,
DS1000,417,,no_tests,,False,False,
DS1000,418,,no_tests,,False,False,
DS1000,419,,no_tests,,False,False,
DS1000,420,,no_tests,,False,False,
DS1000,421,,no_tests,,False,False,
DS1000,422,,no_tests,,False,False,
DS1000,423,,no_tests,,False,False,
DS1000,424,,no_tests,,False,False,
DS1000,425,,no_tests,,False,False,
DS1000,426,,no_tests,,False,False,
DS1000,427,,no_tests,,False,False,
DS1000,428,,no_tests,,False,False,
DS1000,429,,no_tests,,False,False,
DS1000,430,,no_tests,,False,False,
DS1000,431,,no_tests,,False,False,
DS1000,432,,no_tests,,False,False,
DS1000,433,,no_tests,,False,False,
DS1000,434,,no_tests,,False,False,
DS1000,435,,no_tests,,False,False,
DS1000,436,,no_tests,,False,False,
DS1000,437,,no_tests,,False,False,
DS1000,438,,no_tests,,False,False,
DS1000,439,,no_tests,,False,False,
DS1000,440,,no_tests,,False,False,
DS1000,441,,no_tests,,False,False,
DS1000,442,,no_tests,,False,False,
DS1000,443,,no_tests,,False,False,
DS1000,444,,no_tests,,False,False,
DS1000,445,,no_tests,,False,False,
DS1000,446,,no_tests,,False,False,
DS1000,447,,no_tests,,False,False,
DS1000,448,,no_tests,,False,False,
DS1000,449,,no_tests,,False,False,
DS1000,450,,no_tests,,False,False,
DS1000,451,,no_tests,,False,False,
DS1000,452,,no_tests,,False,False,
DS1000,453,,no_tests,,False,False,
DS1000,454,,no_tests,,False,False,
DS1000,455,,no_tests,,False,False,
DS1000,456,,no_tests,,False,False,
DS1000,457,,no_tests,,False,False,
DS1000,458,,no_tests,,False,False,
DS1000,459,,no_tests,,False,False,
DS1000,460,,no_tests,,False,False,
DS1000,461,,no_tests,,False,False,
DS1000,462,,no_tests,,False,False,
DS1000,463,,no_tests,,False,False,
DS1000,464,,no_tests,,False,False,
DS1000,465,,no_tests,,False,False,
DS1000,466,,no_tests,,False,False,
DS1000,467,,no_tests,,False,False,
DS1000,468,,no_tests,,False,False,
DS1000,469,,no_tests,,False,False,
DS1000,470,,no_tests,,False,False,
DS1000,471,,no_tests,,False,False,
DS1000,472,,no_tests,,False,False,
DS1000,473,,no_tests,,False,False,
DS1000,474,,no_tests,,False,False,
DS1000,475,,no_tests,,False,False,
DS1000,476,,no_tests,,False,False,
DS1000,477,,no_tests,,False,False,
DS1000,478,,no_tests,,False,False,
DS1000,479,,no_tests,,False,False,
DS1000,480,,no_tests,,False,False,
DS1000,481,,no_tests,,False,False,
DS1000,482,,no_tests,,False,False,
DS1000,483,,no_tests,,False,False,
DS1000,484,,no_tests,,False,False,
DS1000,485,,no_tests,,False,False,
DS1000,486,,no_tests,,False,False,
DS1000,487,,no_tests,,False,False,
DS1000,488,,no_tests,,False,False,
DS1000,489,,no_tests,,False,False,
DS1000,490,,no_tests,,False,False,
DS1000,491,,no_tests,,False,False,
DS1000,492,,no_tests,,False,False,
DS1000,493,,no_tests,,False,False,
DS1000,494,,no_tests,,False,False,
DS1000,495,,no_tests,,False,False,
DS1000,496,,no_tests,,False,False,
DS1000,497,,no_tests,,False,False,
DS1000,498,,no_tests,,False,False,
DS1000,499,,no_tests,,False,False,
DS1000,500,,no_tests,,False,False,
DS1000,501,,no_tests,,False,False,
DS1000,502,,no_tests,,False,False,
DS1000,503,,no_tests,,False,False,
DS1000,504,,no_tests,,False,False,
DS1000,505,,no_tests,,False,False,
DS1000,506,,no_tests,,False,False,
DS1000,507,,no_tests,,False,False,
DS1000,508,,no_tests,,False,False,
DS1000,509,,no_tests,,False,False,
DS1000,510,,no_tests,,False,False,
DS1000,511,,no_tests,,False,False,
DS1000,512,,no_tests,,False,False,
DS1000,513,,no_tests,,False,False,
DS1000,514,,no_tests,,False,False,
DS1000,515,,no_tests,,False,False,
DS1000,516,,no_tests,,False,False,
DS1000,517,,no_tests,,False,False,
DS1000,518,,no_tests,,False,False,
DS1000,519,,no_tests,,False,False,
DS1000,520,,no_tests,,False,False,
DS1000,521,,no_tests,,False,False,
DS1000,522,,no_tests,,False,False,
DS1000,523,,no_tests,,False,False,
DS1000,524,,no_tests,,False,False,
DS1000,525,,no_tests,,False,False,
DS1000,526,,no_tests,,False,False,
DS1000,527,,no_tests,,False,False,
DS1000,528,,no_tests,,False,False,
DS1000,529,,no_tests,,False,False,
DS1000,530,,no_tests,,False,False,
DS1000,531,,no_tests,,False,False,
DS1000,532,,no_tests,,False,False,
DS1000,533,,no_tests,,False,False,
DS1000,534,,no_tests,,False,False,
DS1000,535,,no_tests,,False,False,
DS1000,536,,no_tests,,False,False,
DS1000,537,,no_tests,,False,False,
DS1000,538,,no_tests,,False,False,
DS1000,539,,no_tests,,False,False,
DS1000,540,,no_tests,,False,False,
DS1000,541,,no_tests,,False,False,
DS1000,542,,no_tests,,False,False,
DS1000,543,,no_tests,,False,False,
DS1000,544,,no_tests,,False,False,
DS1000,545,,no_tests,,False,False,
DS1000,546,,no_tests,,False,False,
DS1000,547,,no_tests,,False,False,
DS1000,548,,no_tests,,False,False,
DS1000,549,,no_tests,,False,False,
DS1000,550,,no_tests,,False,False,
DS1000,551,,no_tests,,False,False,
DS1000,552,,no_tests,,False,False,
DS1000,553,,no_tests,,False,False,
DS1000,554,,no_tests,,False,False,
DS1000,555,,no_tests,,False,False,
DS1000,556,,no_tests,,False,False,
DS1000,557,,no_tests,,False,False,
DS1000,558,,no_tests,,False,False,
DS1000,559,,no_tests,,False,False,
DS1000,560,,no_tests,,False,False,
DS1000,561,,no_tests,,False,False,
DS1000,562,,no_tests,,False,False,
DS1000,563,,no_tests,,False,False,
DS1000,564,,no_tests,,False,False,
DS1000,565,,no_tests,,False,False,
DS1000,566,,no_tests,,False,False,
DS1000,567,,no_tests,,False,False,
DS1000,568,,no_tests,,False,False,
DS1000,569,,no_tests,,False,False,
DS1000,570,,no_tests,,False,False,
DS1000,571,,no_tests,,False,False,
DS1000,572,,no_tests,,False,False,
DS1000,573,,no_tests,,False,False,
DS1000,574,,no_tests,,False,False,
DS1000,575,,no_tests,,False,False,
DS1000,576,,no_tests,,False,False,
DS1000,577,,no_tests,,False,False,
DS1000,578,,no_tests,,False,False,
DS1000,579,,no_tests,,False,False,
DS1000,580,,no_tests,,False,False,
DS1000,581,,no_tests,,False,False,
DS1000,582,,no_tests,,False,False,
DS1000,583,,no_tests,,False,False,
DS1000,584,,no_tests,,False,False,
DS1000,585,,no_tests,,False,False,
DS1000,586,,no_tests,,False,False,
DS1000,587,,no_tests,,False,False,
DS1000,588,,no_tests,,False,False,
DS1000,589,,no_tests,,False,False,
DS1000,590,,no_tests,,False,False,
DS1000,591,,no_tests,,False,False,
DS1000,592,,no_tests,,False,False,
DS1000,593,,no_tests,,False,False,
DS1000,594,,no_tests,,False,False,
DS1000,595,,no_tests,,False,False,
DS1000,596,,no_tests,,False,False,
DS1000,597,,no_tests,,False,False,
DS1000,598,,no_tests,,False,False,
DS1000,599,,no_tests,,False,False,
DS1000,600,,no_tests,,False,False,
DS1000,601,,no_tests,,False,False,
DS1000,602,,no_tests,,False,False,
DS1000,603,,no_tests,,False,False,
DS1000,604,,no_tests,,False,False,
DS1000,605,,no_tests,,False,False,
DS1000,606,,no_tests,,False,False,
DS1000,607,,no_tests,,False,False,
DS1000,608,,no_tests,,False,False,
DS1000,609,,no_tests,,False,False,
DS1000,610,,no_tests,,False,False,
DS1000,611,,no_tests,,False,False,
DS1000,612,,no_tests,,False,False,
DS1000,613,,no_tests,,False,False,
DS1000,614,,no_tests,,False,False,
DS1000,615,,no_tests,,False,False,
DS1000,616,,no_tests,,False,False,
DS1000,617,,no_tests,,False,False,
DS1000,618,,no_tests,,False,False,
DS1000,619,,no_tests,,False,False,
DS1000,620,,no_tests,,False,False,
DS1000,621,,no_tests,,False,False,
DS1000,622,,no_tests,,False,False,
DS1000,623,,no_tests,,False,False,
DS1000,624,,no_tests,,False,False,
DS1000,625,,no_tests,,False,False,
DS1000,626,,no_tests,,False,False,
DS1000,627,,no_tests,,False,False,
DS1000,628,,no_tests,,False,False,
DS1000,629,,no_tests,,False,False,
DS1000,630,,no_tests,,False,False,
DS1000,631,,no_tests,,False,False,
DS1000,632,,no_tests,,False,False,
DS1000,633,,no_tests,,False,False,
DS1000,634,,no_tests,,False,False,
DS1000,635,,no_tests,,False,False,
DS1000,636,,no_tests,,False,False,
DS1000,637,,no_tests,,False,False,
DS1000,638,,no_tests,,False,False,
DS1000,639,,no_tests,,False,False,
DS1000,640,,no_tests,,False,False,
DS1000,641,,no_tests,,False,False,
DS1000,642,,no_tests,,False,False,
DS1000,643,,no_tests,,False,False,
DS1000,644,,no_tests,,False,False,
DS1000,645,,no_tests,,False,False,
DS1000,646,,no_tests,,False,False,
DS1000,647,,no_tests,,False,False,
DS1000,648,,no_tests,,False,False,
DS1000,649,,no_tests,,False,False,
DS1000,650,,no_tests,,False,False,
DS1000,651,,no_tests,,False,False,
DS1000,652,,no_tests,,False,False,
DS1000,653,,no_tests,,False,False,
DS1000,654,,no_tests,,False,False,
DS1000,655,,no_tests,,False,False,
DS1000,656,,no_tests,,False,False,
DS1000,657,,no_tests,,False,False,
DS1000,658,,no_tests,,False,False,
DS1000,659,,no_tests,,False,False,
DS1000,660,,no_tests,,False,False,
DS1000,661,,no_tests,,False,False,
DS1000,662,,no_tests,,False,False,
DS1000,663,,no_tests,,False,False,
DS1000,664,,no_tests,,False,False,
DS1000,665,,no_tests,,False,False,
DS1000,666,,no_tests,,False,False,
DS1000,667,,no_tests,,False,False,
DS1000,668,,no_tests,,False,False,
DS1000,669,,no_tests,,False,False,
DS1000,670,,no_tests,,False,False,
DS1000,671,,no_tests,,False,False,
DS1000,672,,no_tests,,False,False,
DS1000,673,,no_tests,,False,False,
DS1000,674,,no_tests,,False,False,
DS1000,675,,no_tests,,False,False,
DS1000,676,,no_tests,,False,False,
DS1000,677,,no_tests,,False,False,
DS1000,678,,no_tests,,False,False,
DS1000,679,,no_tests,,False,False,
DS1000,680,,no_tests,,False,False,
DS1000,681,,no_tests,,False,False,
DS1000,682,,no_tests,,False,False,
DS1000,683,,no_tests,,False,False,
DS1000,684,,no_tests,,False,False,
DS1000,685,,no_tests,,False,False,
DS1000,686,,no_tests,,False,False,
DS1000,687,,no_tests,,False,False,
DS1000,688,,no_tests,,False,False,
DS1000,689,,no_tests,,False,False,
DS1000,690,,no_tests,,False,False,
DS1000,691,,no_tests,,False,False,
DS1000,692,,no_tests,,False,False,
DS1000,693,,no_tests,,False,False,
DS1000,694,,no_tests,,False,False,
DS1000,695,,no_tests,,False,False,
DS1000,696,,no_tests,,False,False,
DS1000,697,,no_tests,,False,False,
DS1000,698,,no_tests,,False,False,
DS1000,699,,no_tests,,False,False,
DS1000,700,,no_tests,,False,False,
DS1000,701,,no_tests,,False,False,
DS1000,702,,no_tests,,False,False,
DS1000,703,,no_tests,,False,False,
DS1000,704,,no_tests,,False,False,
DS1000,705,,no_tests,,False,False,
DS1000,706,,no_tests,,False,False,
DS1000,707,,no_tests,,False,False,
DS1000,708,,no_tests,,False,False,
DS1000,709,,no_tests,,False,False,
DS1000,710,,no_tests,,False,False,
DS1000,711,,no_tests,,False,False,
DS1000,712,,no_tests,,False,False,
DS1000,713,,no_tests,,False,False,
DS1000,714,,no_tests,,False,False,
DS1000,715,,no_tests,,False,False,
DS1000,716,,no_tests,,False,False,
DS1000,717,,no_tests,,False,False,
DS1000,718,,no_tests,,False,False,
DS1000,719,,no_tests,,False,False,
DS1000,720,,no_tests,,False,False,
DS1000,721,,no_tests,,False,False,
DS1000,722,,no_tests,,False,False,
DS1000,723,,no_tests,,False,False,
DS1000,724,,no_tests,,False,False,
DS1000,725,,no_tests,,False,False,
DS1000,726,,no_tests,,False,False,
DS1000,727,,no_tests,,False,False,
DS1000,728,,no_tests,,False,False,
DS1000,729,,no_tests,,False,False,
DS1000,730,,no_tests,,False,False,
DS1000,731,,no_tests,,False,False,
DS1000,732,,no_tests,,False,False,
DS1000,733,,no_tests,,False,False,
DS1000,734,,no_tests,,False,False,
DS1000,735,,no_tests,,False,False,
DS1000,736,,no_tests,,False,False,
DS1000,737,,no_tests,,False,False,
DS1000,738,,no_tests,,False,False,
DS1000,739,,no_tests,,False,False,
DS1000,740,,no_tests,,False,False,
DS1000,741,,no_tests,,False,False,
DS1000,742,,no_tests,,False,False,
DS1000,743,,no_tests,,False,False,
DS1000,744,,no_tests,,False,False,
DS1000,745,,no_tests,,False,False,
DS1000,746,,no_tests,,False,False,
DS1000,747,,no_tests,,False,False,
DS1000,748,,no_tests,,False,False,
DS1000,749,,no_tests,,False,False,
DS1000,750,,no_tests,,False,False,
DS1000,751,,no_tests,,False,False,
DS1000,752,,no_tests,,False,False,
DS1000,753,,no_tests,,False,False,
DS1000,754,,no_tests,,False,False,
DS1000,755,,no_tests,,False,False,
DS1000,756,,no_tests,,False,False,
DS1000,757,,no_tests,,False,False,
DS1000,758,,no_tests,,False,False,
DS1000,759,,no_tests,,False,False,
DS1000,760,,no_tests,,False,False,
DS1000,761,,no_tests,,False,False,
DS1000,762,,no_tests,,False,False,
DS1000,763,,no_tests,,False,False,
DS1000,764,,no_tests,,False,False,
DS1000,765,,no_tests,,False,False,
DS1000,766,,no_tests,,False,False,
DS1000,767,,no_tests,,False,False,
DS1000,768,,no_tests,,False,False,
DS1000,769,,no_tests,,False,False,
DS1000,770,,no_tests,,False,False,
DS1000,771,,no_tests,,False,False,
DS1000,772,,no_tests,,False,False,
DS1000,773,,no_tests,,False,False,
DS1000,774,,no_tests,,False,False,
DS1000,775,,no_tests,,False,False,
DS1000,776,,no_tests,,False,False,
DS1000,777,,no_tests,,False,False,
DS1000,778,,no_tests,,False,False,
DS1000,779,,no_tests,,False,False,
DS1000,780,,no_tests,,False,False,
DS1000,781,,no_tests,,False,False,
DS1000,782,,no_tests,,False,False,
DS1000,783,,no_tests,,False,False,
DS1000,784,,no_tests,,False,False,
DS1000,785,,no_tests,,False,False,
DS1000,786,,no_tests,,False,False,
DS1000,787,,no_tests,,False,False,
DS1000,788,,no_tests,,False,False,
DS1000,789,,no_tests,,False,False,
DS1000,790,,no_tests,,False,False,
DS1000,791,,no_tests,,False,False,
DS1000,792,,no_tests,,False,False,
DS1000,793,,no_tests,,False,False,
DS1000,794,,no_tests,,False,False,
DS1000,795,,no_tests,,False,False,
DS1000,796,,no_tests,,False,False,
DS1000,797,,no_tests,,False,False,
DS1000,798,,no_tests,,False,False,
DS1000,799,,no_tests,,False,False,
DS1000,800,,no_tests,,False,False,
DS1000,801,,no_tests,,False,False,
DS1000,802,,no_tests,,False,False,
DS1000,803,,no_tests,,False,False,
DS1000,804,,no_tests,,False,False,
DS1000,805,,no_tests,,False,False,
DS1000,806,,no_tests,,False,False,
DS1000,807,,no_tests,,False,False,
DS1000,808,,no_tests,,False,False,
DS1000,809,,no_tests,,False,False,
DS1000,810,,no_tests,,False,False,
DS1000,811,,no_tests,,False,False,
DS1000,812,,no_tests,,False,False,
DS1000,813,,no_tests,,False,False,
DS1000,814,,no_tests,,False,False,
DS1000,815,,no_tests,,False,False,
DS1000,816,,no_tests,,False,False,
DS1000,817,,no_tests,,False,False,
DS1000,818,,no_tests,,False,False,
DS1000,819,,no_tests,,False,False,
DS1000,820,,no_tests,,False,False,
DS1000,821,,no_tests,,False,False,
DS1000,822,,no_tests,,False,False,
DS1000,823,,no_tests,,False,False,
DS1000,824,,no_tests,,False,False,
DS1000,825,,no_tests,,False,False,
DS1000,826,,no_tests,,False,False,
DS1000,827,,no_tests,,False,False,
DS1000,828,,no_tests,,False,False,
DS1000,829,,no_tests,,False,False,
DS1000,830,,no_tests,,False,False,
DS1000,831,,no_tests,,False,False,
DS1000,832,,no_tests,,False,False,
DS1000,833,,no_tests,,False,False,
DS1000,834,,no_tests,,False,False,
DS1000,835,,no_tests,,False,False,
DS1000,836,,no_tests,,False,False,
DS1000,837,,no_tests,,False,False,
DS1000,838,,no_tests,,False,False,
DS1000,839,,no_tests,,False,False,
DS1000,840,,no_tests,,False,False,
DS1000,841,,no_tests,,False,False,
DS1000,842,,no_tests,,False,False,
DS1000,843,,no_tests,,False,False,
DS1000,844,,no_tests,,False,False,
DS1000,845,,no_tests,,False,False,
DS1000,846,,no_tests,,False,False,
DS1000,847,,no_tests,,False,False,
DS1000,848,,no_tests,,False,False,
DS1000,849,,no_tests,,False,False,
DS1000,850,,no_tests,,False,False,
DS1000,851,,no_tests,,False,False,
DS1000,852,,no_tests,,False,False,
DS1000,853,,no_tests,,False,False,
DS1000,854,,no_tests,,False,False,
DS1000,855,,no_tests,,False,False,
DS1000,856,,no_tests,,False,False,
DS1000,857,,no_tests,,False,False,
DS1000,858,,no_tests,,False,False,
DS1000,859,,no_tests,,False,False,
DS1000,860,,no_tests,,False,False,
DS1000,861,,no_tests,,False,False,
DS1000,862,,no_tests,,False,False,
DS1000,863,,no_tests,,False,False,
DS1000,864,,no_tests,,False,False,
DS1000,865,,no_tests,,False,False,
DS1000,866,,no_tests,,False,False,
DS1000,867,,no_tests,,False,False,
DS1000,868,,no_tests,,False,False,
DS1000,869,,no_tests,,False,False,
DS1000,870,,no_tests,,False,False,
DS1000,871,,no_tests,,False,False,
DS1000,872,,no_tests,,False,False,
DS1000,873,,no_tests,,False,False,
DS1000,874,,no_tests,,False,False,
DS1000,875,,no_tests,,False,False,
DS1000,876,,no_tests,,False,False,
DS1000,877,,no_tests,,False,False,
DS1000,878,,no_tests,,False,False,
DS1000,879,,no_tests,,False,False,
DS1000,880,,no_tests,,False,False,
DS1000,881,,no_tests,,False,False,
DS1000,882,,no_tests,,False,False,
DS1000,883,,no_tests,,False,False,
DS1000,884,,no_tests,,False,False,
DS1000,885,,no_tests,,False,False,
DS1000,886,,no_tests,,False,False,
DS1000,887,,no_tests,,False,False,
DS1000,888,,no_tests,,False,False,
DS1000,889,,no_tests,,False,False,
DS1000,890,,no_tests,,False,False,
DS1000,891,,no_tests,,False,False,
DS1000,892,,no_tests,,False,False,
DS1000,893,,no_tests,,False,False,
DS1000,894,,no_tests,,False,False,
DS1000,895,,no_tests,,False,False,
DS1000,896,,no_tests,,False,False,
DS1000,897,,no_tests,,False,False,
DS1000,898,,no_tests,,False,False,
DS1000,899,,no_tests,,False,False,
DS1000,900,,no_tests,,False,False,
DS1000,901,,no_tests,,False,False,
DS1000,902,,no_tests,,False,False,
DS1000,903,,no_tests,,False,False,
DS1000,904,,no_tests,,False,False,
DS1000,905,,no_tests,,False,False,
DS1000,906,,no_tests,,False,False,
DS1000,907,,no_tests,,False,False,
DS1000,908,,no_tests,,False,False,
DS1000,909,,no_tests,,False,False,
DS1000,910,,no_tests,,False,False,
DS1000,911,,no_tests,,False,False,
DS1000,912,,no_tests,,False,False,
DS1000,913,,no_tests,,False,False,
DS1000,914,,no_tests,,False,False,
DS1000,915,,no_tests,,False,False,
DS1000,916,,no_tests,,False,False,
DS1000,917,,no_tests,,False,False,
DS1000,918,,no_tests,,False,False,
DS1000,919,,no_tests,,False,False,
DS1000,920,,no_tests,,False,False,
DS1000,921,,no_tests,,False,False,
DS1000,922,,no_tests,,False,False,
DS1000,923,,no_tests,,False,False,
DS1000,924,,no_tests,,False,False,
DS1000,925,,no_tests,,False,False,
DS1000,926,,no_tests,,False,False,
DS1000,927,,no_tests,,False,False,
DS1000,928,,no_tests,,False,False,
DS1000,929,,no_tests,,False,False,
DS1000,930,,no_tests,,False,False,
DS1000,931,,no_tests,,False,False,
DS1000,932,,no_tests,,False,False,
DS1000,933,,no_tests,,False,False,
DS1000,934,,no_tests,,False,False,
DS1000,935,,no_tests,,False,False,
DS1000,936,False,missing_code,crash,False,False,
DS1000,937,False,missing_code,crash,False,False,
DS1000,938,,no_tests,,False,False,
DS1000,939,,no_tests,,False,False,
DS1000,940,,no_tests,,False,False,
DS1000,941,,no_tests,,False,False,
DS1000,942,,no_tests,,False,False,
DS1000,943,,no_tests,,False,False,
DS1000,944,,no_tests,,False,False,
DS1000,945,,no_tests,,False,False,
DS1000,946,,no_tests,,False,False,
DS1000,947,,no_tests,,False,False,
DS1000,948,,no_tests,,False,False,
DS1000,949,,no_tests,,False,False,
DS1000,950,,no_tests,,False,False,
DS1000,951,,no_tests,,False,False,
DS1000,952,,no_tests,,False,False,
DS1000,953,,no_tests,,False,False,
DS1000,954,,no_tests,,False,False,
DS1000,955,,no_tests,,False,False,
DS1000,956,,no_tests,,False,False,
DS1000,957,,no_tests,,False,False,
DS1000,958,,no_tests,,False,False,
DS1000,959,,no_tests,,False,False,
DS1000,960,,no_tests,,False,False,
DS1000,961,,no_tests,,False,False,
DS1000,962,,no_tests,,False,False,
DS1000,963,,no_tests,,False,False,
DS1000,964,,no_tests,,False,False,
DS1000,965,,no_tests,,False,False,
DS1000,966,,no_tests,,False,False,
DS1000,967,,no_tests,,False,False,
DS1000,968,,no_tests,,False,False,
DS1000,969,,no_tests,,False,False,
DS1000,970,,no_tests,,False,False,
DS1000,971,,no_tests,,False,False,
DS1000,972,,no_tests,,False,False,
DS1000,973,,no_tests,,False,False,
DS1000,974,,no_tests,,False,False,
DS1000,975,,no_tests,,False,False,
DS1000,976,,no_tests,,False,False,
DS1000,977,,no_tests,,False,False,
DS1000,978,,no_tests,,False,False,
DS1000,979,,no_tests,,False,False,
DS1000,980,,no_tests,,False,False,
DS1000,981,,no_tests,,False,False,
DS1000,982,,no_tests,,False,False,
DS1000,983,,no_tests,,False,False,
DS1000,984,,no_tests,,False,False,
DS1000,985,,no_tests,,False,False,
DS1000,986,,no_tests,,False,False,
DS1000,987,,no_tests,,False,False,
DS1000,988,,no_tests,,False,False,
DS1000,989,,no_tests,,False,False,
DS1000,990,,no_tests,,False,False,
DS1000,991,,no_tests,,False,False,
DS1000,992,,no_tests,,False,False,
DS1000,993,,no_tests,,False,False,
DS1000,994,,no_tests,,False,False,
DS1000,995,,no_tests,,False,False,
DS1000,996,,no_tests,,False,False,
DS1000,997,,no_tests,,False,False,
DS1000,998,,no_tests,,False,False,
DS1000,999,,no_tests,,False,False,
HumanEval,HumanEval/0,True,none,,True,False,0.0
HumanEval,HumanEval/1,True,none,,True,False,0.0
HumanEval,HumanEval/2,True,none,,True,False,0.0
HumanEval,HumanEval/3,True,none,,True,False,0.0
HumanEval,HumanEval/4,True,none,,True,False,0.0
HumanEval,HumanEval/5,True,none,,True,False,0.0
HumanEval,HumanEval/6,True,none,,True,False,0.0
HumanEval,HumanEval/7,True,none,,True,False,0.0
HumanEval,HumanEval/8,True,none,,True,False,0.0
HumanEval,HumanEval/9,True,none,,True,False,0.0
HumanEval,HumanEval/10,True,none,,True,False,0.0
HumanEval,HumanEval/11,True,none,,True,False,0.0
HumanEval,HumanEval/12,True,none,,True,False,0.0
HumanEval,HumanEval/13,True,none,,True,False,0.0
HumanEval,HumanEval/14,True,none,,True,False,0.0
HumanEval,HumanEval/15,True,none,,True,False,0.0
HumanEval,HumanEval/16,True,none,,True,False,0.0
HumanEval,HumanEval/17,True,none,,True,False,0.0
HumanEval,HumanEval/18,True,none,,True,False,0.0
HumanEval,HumanEval/19,True,none,,True,False,0.0
HumanEval,HumanEval/20,True,none,,True,False,0.0
HumanEval,HumanEval/21,True,none,,True,False,0.0
HumanEval,HumanEval/22,True,none,,True,False,0.0
HumanEval,HumanEval/23,True,none,,True,False,0.0
HumanEval,HumanEval/24,True,none,,True,False,0.0
HumanEval,HumanEval/25,True,none,,True,False,0.0
HumanEval,HumanEval/26,True,none,,True,False,0.0
HumanEval,HumanEval/27,True,none,,True,False,0.0
HumanEval,HumanEval/28,True,none,,True,False,0.0
HumanEval,HumanEval/29,True,none,,True,False,0.0
HumanEval,HumanEval/30,True,none,,True,False,0.0
HumanEval,HumanEval/31,True,none,,True,False,0.0
HumanEval,HumanEval/32,True,none,,True,False,0.0
HumanEval,HumanEval/33,True,none,,True,False,0.0
HumanEval,HumanEval/34,True,none,,True,False,0.0
HumanEval,HumanEval/35,True,none,,True,False,0.0
HumanEval,HumanEval/36,True,none,,True,False,0.0
HumanEval,HumanEval/37,True,none,,True,False,0.0
HumanEval,HumanEval/38,True,none,,True,False,0.0
HumanEval,HumanEval/39,False,crash,crash,False,False,0.0
HumanEval,HumanEval/40,True,none,,True,False,0.0
HumanEval,HumanEval/41,True,none,,True,False,0.0
HumanEval,HumanEval/42,True,none,,True,False,0.0
HumanEval,HumanEval/43,True,none,,True,False,0.0
HumanEval,HumanEval/44,True,none,,True,False,0.0
HumanEval,HumanEval/45,True,none,,True,False,0.0
HumanEval,HumanEval/46,True,none,,True,False,0.0
HumanEval,HumanEval/47,True,none,,True,False,0.0
HumanEval,HumanEval/48,True,none,,True,False,0.0
HumanEval,HumanEval/49,True,none,,True,False,0.0
HumanEval,HumanEval/100,True,none,,True,False,0.0
HumanEval,HumanEval/101,True,none,,True,False,0.0
HumanEval,HumanEval/102,True,none,,True,False,0.0
HumanEval,HumanEval/103,True,none,,True,False,0.0
HumanEval,HumanEval/104,True,none,,True,False,0.0
HumanEval,HumanEval/105,True,none,,True,False,0.0
HumanEval,HumanEval/106,True,none,,True,False,0.0
HumanEval,HumanEval/107,True,none,,True,False,0.0
HumanEval,HumanEval/108,True,none,,True,False,0.0
HumanEval,HumanEval/109,True,none,,True,False,0.0
HumanEval,HumanEval/110,True,none,,True,False,0.0
HumanEval,HumanEval/111,True,none,,True,False,0.0
HumanEval,HumanEval/112,True,none,,True,False,0.0
HumanEval,HumanEval/113,True,none,,True,False,0.0
HumanEval,HumanEval/114,True,none,,True,False,0.0
HumanEval,HumanEval/115,False,crash,crash,False,False,0.0
HumanEval,HumanEval/116,True,none,,True,False,0.0
HumanEval,HumanEval/117,True,none,,True,False,0.0
HumanEval,HumanEval/118,True,none,,True,False,0.0
HumanEval,HumanEval/119,True,none,,True,False,0.0
HumanEval,HumanEval/120,False,crash,crash,False,False,0.0
HumanEval,HumanEval/121,True,none,,True,False,0.0
HumanEval,HumanEval/122,True,none,,True,False,0.0
HumanEval,HumanEval/123,True,none,,True,False,0.0
HumanEval,HumanEval/124,True,none,,True,False,0.0
HumanEval,HumanEval/125,True,none,,True,False,0.0
HumanEval,HumanEval/126,False,crash,crash,True,False,0.0
HumanEval,HumanEval/127,True,none,,True,False,0.0
HumanEval,HumanEval/128,True,none,,True,False,0.0
HumanEval,HumanEval/129,True,none,,True,False,0.0
HumanEval,HumanEval/130,False,crash,crash,False,False,0.0
HumanEval,HumanEval/131,True,none,,True,False,0.0
HumanEval,HumanEval/132,False,crash,crash,True,False,0.0
HumanEval,HumanEval/133,True,none,,True,False,0.0
HumanEval,HumanEval/134,True,none,,True,False,0.0
HumanEval,HumanEval/135,True,none,,True,False,0.0
HumanEval,HumanEval/136,True,none,,True,False,0.0
HumanEval,HumanEval/137,False,crash,crash,True,False,0.0
HumanEval,HumanEval/138,True,none,,True,False,0.0
HumanEval,HumanEval/139,True,none,,True,False,0.0
HumanEval,HumanEval/140,True,none,,True,False,0.0
HumanEval,HumanEval/141,True,none,,True,False,0.0
HumanEval,HumanEval/142,True,none,,True,False,0.0
HumanEval,HumanEval/143,True,none,,True,False,0.0
HumanEval,HumanEval/144,True,none,,True,False,0.0
HumanEval,HumanEval/145,True,none,,True,False,0.0
HumanEval,HumanEval/146,True,none,,True,False,0.0
HumanEval,HumanEval/147,True,none,,True,False,0.0
HumanEval,HumanEval/148,True,none,,True,False,0.0
HumanEval,HumanEval/149,True,none,,True,False,0.0
HumanEval,HumanEval/150,True,none,,True,False,0.0
HumanEval,HumanEval/151,True,none,,True,False,0.0
HumanEval,HumanEval/152,True,none,,True,False,0.0
HumanEval,HumanEval/153,True,none,,True,False,0.0
HumanEval,HumanEval/154,True,none,,True,False,0.0
HumanEval,HumanEval/155,True,none,,True,False,0.0
HumanEval,HumanEval/156,True,none,,True,False,0.0
HumanEval,HumanEval/157,True,none,,True,False,0.0
HumanEval,HumanEval/158,True,none,,True,False,0.0
HumanEval,HumanEval/159,True,none,,True,False,0.0
HumanEval,HumanEval/160,True,none,,True,False,0.0
HumanEval,HumanEval/161,True,none,,True,False,0.0
HumanEval,HumanEval/162,True,none,,True,False,0.0
HumanEval,HumanEval/163,True,none,,True,False,0.0
HumanEval,HumanEval/50,True,none,,True,False,0.0
HumanEval,HumanEval/51,True,none,,True,False,0.0
HumanEval,HumanEval/52,True,none,,True,False,0.0
HumanEval,HumanEval/53,True,none,,True,False,0.0
HumanEval,HumanEval/54,True,none,,True,False,0.0
HumanEval,HumanEval/55,True,none,,True,False,0.0
HumanEval,HumanEval/56,True,none,,True,False,0.0
HumanEval,HumanEval/57,True,none,,True,False,0.0
HumanEval,HumanEval/58,True,none,,True,False,0.0
HumanEval,HumanEval/59,True,none,,True,False,0.0
HumanEval,HumanEval/60,True,none,,True,False,0.0
HumanEval,HumanEval/61,True,none,,True,False,0.0
HumanEval,HumanEval/62,True,none,,True,False,0.0
HumanEval,HumanEval/63,True,none,,True,False,0.0
HumanEval,HumanEval/64,True,none,,True,False,0.0
HumanEval,HumanEval/65,True,none,,True,False,0.0
HumanEval,HumanEval/66,True,none,,True,False,0.0
HumanEval,HumanEval/67,True,none,,True,False,0.0
HumanEval,HumanEval/68,True,none,,True,False,0.0
HumanEval,HumanEval/69,True,none,,True,False,0.0
HumanEval,HumanEval/70,True,none,,True,False,0.0
HumanEval,HumanEval/71,True,none,,True,False,0.0
HumanEval,HumanEval/72,True,none,,True,False,0.0
HumanEval,HumanEval/73,True,none,,True,False,0.0
HumanEval,HumanEval/74,True,none,,True,False,0.0
HumanEval,HumanEval/75,False,crash,crash,False,False,0.0
HumanEval,HumanEval/76,True,none,,True,False,0.0
HumanEval,HumanEval/77,False,crash,crash,False,False,0.0
HumanEval,HumanEval/78,True,none,,True,False,0.0
HumanEval,HumanEval/79,True,none,,True,False,0.0
HumanEval,HumanEval/80,True,none,,True,False,0.0
HumanEval,HumanEval/81,True,none,,True,False,0.0
HumanEval,HumanEval/82,True,none,,True,False,0.0
HumanEval,HumanEval/83,True,none,,True,False,0.0
HumanEval,HumanEval/84,True,none,,True,False,0.0
HumanEval,HumanEval/85,True,none,,True,False,0.0
HumanEval,HumanEval/86,True,none,,True,False,0.0
HumanEval,HumanEval/87,True,none,,True,False,0.0
HumanEval,HumanEval/88,True,none,,True,False,0.0
HumanEval,HumanEval/89,True,none,,True,False,0.0
HumanEval,HumanEval/90,True,none,,True,False,0.0
HumanEval,HumanEval/91,True,none,,True,False,0.0
HumanEval,HumanEval/92,True,none,,True,False,0.0
HumanEval,HumanEval/93,True,none,,True,False,0.0
HumanEval,HumanEval/94,False,crash,crash,False,False,0.0
HumanEval,HumanEval/95,False,crash,crash,False,False,0.0
HumanEval,HumanEval/96,True,none,,True,False,0.0
HumanEval,HumanEval/97,True,none,,True,False,0.0
HumanEval,HumanEval/98,True,none,,True,False,0.0
HumanEval,HumanEval/99,True,none,,True,False,0.0
MBPP,602,False,logical,runtime_error,True,False,1.0
MBPP,603,False,logical,runtime_error,True,False,1.0
MBPP,604,False,logical,runtime_error,True,False,1.0
MBPP,605,False,logical,runtime_error,True,False,1.0
MBPP,606,False,logical,runtime_error,True,False,1.0
MBPP,607,False,logical,runtime_error,True,False,1.0
MBPP,608,False,logical,runtime_error,True,False,1.0
MBPP,610,False,logical,runtime_error,True,False,1.0
MBPP,611,False,logical,runtime_error,True,False,1.0
MBPP,612,False,logical,runtime_error,True,False,1.0
MBPP,614,False,logical,runtime_error,True,False,1.0
MBPP,615,False,logical,runtime_error,True,False,1.0
MBPP,616,False,logical,runtime_error,True,False,1.0
MBPP,617,False,logical,runtime_error,True,False,1.0
MBPP,618,False,logical,runtime_error,True,False,1.0
MBPP,619,False,crash,crash,False,False,0.0
MBPP,620,False,logical,runtime_error,True,False,1.0
MBPP,622,False,logical,runtime_error,True,False,1.0
MBPP,623,False,logical,runtime_error,True,False,1.0
MBPP,624,False,logical,runtime_error,True,False,1.0
MBPP,625,False,logical,runtime_error,True,False,1.0
MBPP,626,False,logical,runtime_error,True,False,1.0
MBPP,627,False,logical,runtime_error,True,False,1.0
MBPP,628,False,logical,runtime_error,True,False,1.0
MBPP,629,False,logical,runtime_error,True,False,1.0
MBPP,630,False,logical,runtime_error,True,False,1.0
MBPP,631,False,logical,runtime_error,True,False,1.0
MBPP,632,False,logical,runtime_error,True,False,1.0
MBPP,633,False,logical,runtime_error,True,False,1.0
MBPP,635,False,logical,runtime_error,True,False,1.0
MBPP,637,False,logical,runtime_error,True,False,1.0
MBPP,638,False,logical,runtime_error,True,False,1.0
MBPP,639,False,logical,runtime_error,True,False,1.0
MBPP,640,False,logical,runtime_error,True,False,1.0
MBPP,641,False,logical,runtime_error,True,False,1.0
MBPP,643,False,crash,crash,True,False,0.0
MBPP,644,False,logical,runtime_error,True,False,1.0
MBPP,720,False,logical,runtime_error,True,False,1.0
MBPP,721,False,logical,runtime_error,True,False,1.0
MBPP,722,False,logical,runtime_error,True,False,1.0
MBPP,723,False,logical,runtime_error,True,False,1.0
MBPP,724,False,logical,runtime_error,True,False,1.0
MBPP,725,False,logical,runtime_error,True,False,1.0
MBPP,726,False,logical,runtime_error,True,False,1.0
MBPP,728,False,logical,runtime_error,True,False,1.0
MBPP,730,False,logical,runtime_error,True,False,1.0
MBPP,731,False,logical,runtime_error,True,False,1.0
MBPP,732,False,logical,runtime_error,True,False,1.0
MBPP,733,False,logical,runtime_error,True,False,1.0
MBPP,734,False,logical,runtime_error,True,False,1.0
MBPP,788,False,logical,runtime_error,True,False,1.0
MBPP,790,False,logical,runtime_error,True,False,1.0
MBPP,791,False,logical,runtime_error,True,False,1.0
MBPP,792,False,logical,runtime_error,True,False,1.0
MBPP,793,False,logical,runtime_error,True,False,1.0
MBPP,794,False,logical,runtime_error,True,False,1.0
MBPP,796,False,logical,runtime_error,True,False,1.0
MBPP,797,False,logical,runtime_error,True,False,1.0
MBPP,798,False,logical,runtime_error,True,False,1.0
MBPP,799,False,logical,runtime_error,True,False,1.0
MBPP,800,False,logical,runtime_error,True,False,1.0
MBPP,801,False,logical,runtime_error,True,False,1.0
MBPP,802,False,logical,runtime_error,True,False,1.0
MBPP,803,False,logical,runtime_error,True,False,1.0
MBPP,804,False,logical,runtime_error,True,False,1.0
MBPP,805,False,logical,runtime_error,True,False,1.0
MBPP,806,False,logical,runtime_error,True,False,1.0
MBPP,807,False,logical,runtime_error,True,False,1.0
MBPP,808,False,logical,runtime_error,True,False,1.0
MBPP,809,False,logical,runtime_error,True,False,1.0
MBPP,735,False,logical,runtime_error,True,False,1.0
MBPP,736,False,logical,runtime_error,True,False,1.0
MBPP,737,False,logical,runtime_error,True,False,1.0
MBPP,738,False,logical,runtime_error,True,False,1.0
MBPP,739,False,logical,runtime_error,True,False,1.0
MBPP,740,False,logical,runtime_error,True,False,1.0
MBPP,741,False,logical,runtime_error,True,False,1.0
MBPP,742,False,logical,runtime_error,True,False,1.0
MBPP,743,False,logical,runtime_error,True,False,1.0
MBPP,744,False,logical,runtime_error,True,False,1.0
MBPP,745,False,logical,runtime_error,True,False,1.0
MBPP,746,False,logical,runtime_error,True,False,1.0
MBPP,747,False,logical,runtime_error,True,False,1.0
MBPP,748,False,logical,runtime_error,True,False,1.0
MBPP,749,False,logical,runtime_error,True,False,1.0
MBPP,750,False,logical,runtime_error,True,False,1.0
MBPP,751,False,logical,runtime_error,True,False,1.0
MBPP,752,False,logical,runtime_error,True,False,1.0
MBPP,753,False,logical,runtime_error,True,False,1.0
MBPP,754,False,logical,runtime_error,True,False,1.0
MBPP,755,False,logical,runtime_error,True,False,1.0
MBPP,756,False,logical,runtime_error,True,False,1.0
MBPP,757,False,logical,runtime_error,True,False,1.0
MBPP,758,False,logical,runtime_error,True,False,1.0
MBPP,759,False,logical,runtime_error,True,False,1.0
MBPP,760,False,logical,runtime_error,True,False,1.0
MBPP,762,False,logical,runtime_error,True,False,1.0
MBPP,763,False,logical,runtime_error,True,False,1.0
MBPP,764,False,logical,runtime_error,True,False,1.0
MBPP,765,False,logical,runtime_error,True,False,1.0
MBPP,766,False,logical,runtime_error,True,False,1.0
MBPP,767,False,logical,runtime_error,True,False,1.0
MBPP,769,False,logical,runtime_error,True,False,1.0
MBPP,770,False,logical,runtime_error,True,False,1.0
MBPP,771,False,crash,crash,True,False,0.0
MBPP,772,False,logical,runtime_error,True,False,1.0
MBPP,773,False,logical,runtime_error,True,False,1.0
MBPP,775,False,logical,runtime_error,True,False,1.0
MBPP,776,False,logical,runtime_error,True,False,1.0
MBPP,777,False,logical,runtime_error,True,False,1.0
MBPP,778,False,logical,runtime_error,True,False,1.0
MBPP,779,False,logical,runtime_error,True,False,1.0
MBPP,780,False,crash,crash,False,False,0.0
MBPP,781,False,logical,runtime_error,True,False,1.0
MBPP,782,False,logical,runtime_error,True,False,1.0
MBPP,783,False,logical,runtime_error,True,False,1.0
MBPP,784,False,logical,runtime_error,True,False,1.0
MBPP,785,False,logical,runtime_error,True,False,1.0
MBPP,786,False,logical,runtime_error,True,False,1.0
MBPP,787,False,logical,runtime_error,True,False,1.0
MBPP,11,False,logical,runtime_error,True,False,1.0
MBPP,12,False,logical,runtime_error,True,False,1.0
MBPP,14,False,logical,runtime_error,True,False,1.0
MBPP,16,False,logical,runtime_error,True,False,1.0
MBPP,17,False,logical,runtime_error,True,False,1.0
MBPP,18,False,logical,runtime_error,True,False,1.0
MBPP,19,False,logical,runtime_error,True,False,1.0
MBPP,20,False,logical,runtime_error,True,False,1.0
MBPP,56,False,logical,runtime_error,True,False,1.0
MBPP,57,False,logical,runtime_error,True,False,1.0
MBPP,58,False,logical,runtime_error,True,False,1.0
MBPP,59,False,logical,runtime_error,True,False,1.0
MBPP,61,False,logical,runtime_error,True,False,1.0
MBPP,62,False,logical,runtime_error,True,False,1.0
MBPP,63,False,logical,runtime_error,True,False,1.0
MBPP,64,False,logical,runtime_error,True,False,1.0
MBPP,65,False,logical,runtime_error,True,False,1.0
MBPP,66,False,logical,runtime_error,True,False,1.0
MBPP,67,False,logical,runtime_error,True,False,1.0
MBPP,68,False,logical,runtime_error,True,False,1.0
MBPP,69,False,logical,runtime_error,True,False,1.0
MBPP,70,False,logical,runtime_error,True,False,1.0
MBPP,71,False,logical,runtime_error,True,False,1.0
MBPP,72,False,logical,runtime_error,True,False,1.0
MBPP,74,False,logical,runtime_error,True,False,1.0
MBPP,75,False,logical,runtime_error,True,False,1.0
MBPP,77,False,logical,runtime_error,True,False,1.0
MBPP,79,False,logical,runtime_error,True,False,1.0
MBPP,80,False,logical,runtime_error,True,False,1.0
MBPP,82,False,logical,runtime_error,True,False,1.0
MBPP,83,False,logical,runtime_error,True,False,1.0
MBPP,84,False,crash,crash,False,False,0.0
MBPP,85,False,logical,runtime_error,True,False,1.0
MBPP,86,False,logical,runtime_error,True,False,1.0
MBPP,87,False,logical,runtime_error,True,False,1.0
MBPP,88,False,logical,runtime_error,True,False,1.0
MBPP,89,False,logical,runtime_error,True,False,1.0
MBPP,90,False,logical,runtime_error,True,False,1.0
MBPP,91,False,logical,runtime_error,True,False,1.0
MBPP,92,False,logical,runtime_error,True,False,1.0
MBPP,93,False,logical,runtime_error,True,False,1.0
MBPP,94,False,logical,runtime_error,True,False,1.0
MBPP,95,False,logical,runtime_error,True,False,1.0
MBPP,96,False,logical,runtime_error,True,False,1.0
MBPP,97,False,logical,runtime_error,True,False,1.0
MBPP,98,False,logical,runtime_error,True,False,1.0
MBPP,99,False,logical,runtime_error,True,False,1.0
MBPP,100,False,logical,runtime_error,True,False,1.0
MBPP,101,False,logical,runtime_error,True,False,1.0
MBPP,102,False,logical,runtime_error,True,False,1.0
MBPP,227,False,logical,runtime_error,True,False,1.0
MBPP,228,False,logical,runtime_error,True,False,1.0
MBPP,229,False,logical,runtime_error,True,False,1.0
MBPP,230,False,logical,runtime_error,True,False,1.0
MBPP,232,False,logical,runtime_error,True,False,1.0
MBPP,233,False,logical,runtime_error,True,False,1.0
MBPP,234,False,logical,runtime_error,True,False,1.0
MBPP,235,False,logical,runtime_error,True,False,1.0
MBPP,237,False,logical,runtime_error,True,False,1.0
MBPP,238,False,logical,runtime_error,True,False,1.0
MBPP,239,False,logical,runtime_error,True,False,1.0
MBPP,240,False,logical,runtime_error,True,False,1.0
MBPP,242,False,logical,runtime_error,True,False,1.0
MBPP,244,False,logical,runtime_error,True,False,1.0
MBPP,245,False,logical,runtime_error,True,False,1.0
MBPP,246,False,logical,runtime_error,True,False,1.0
MBPP,247,False,logical,runtime_error,True,False,1.0
MBPP,248,False,logical,runtime_error,True,False,1.0
MBPP,249,False,logical,runtime_error,True,False,1.0
MBPP,250,False,logical,runtime_error,True,False,1.0
MBPP,251,False,logical,runtime_error,True,False,1.0
MBPP,252,False,logical,runtime_error,True,False,1.0
MBPP,253,False,logical,runtime_error,True,False,1.0
MBPP,255,False,logical,runtime_error,True,False,1.0
MBPP,256,False,logical,runtime_error,True,False,1.0
MBPP,257,False,logical,runtime_error,True,False,1.0
MBPP,259,False,logical,runtime_error,True,False,1.0
MBPP,260,False,crash,crash,False,False,0.0
MBPP,261,False,logical,runtime_error,True,False,1.0
MBPP,262,False,logical,runtime_error,True,False,1.0
MBPP,264,False,logical,runtime_error,True,False,1.0
MBPP,265,False,logical,runtime_error,True,False,1.0
MBPP,266,False,logical,runtime_error,True,False,1.0
MBPP,267,False,logical,runtime_error,True,False,1.0
MBPP,268,False,logical,runtime_error,True,False,1.0
MBPP,269,False,logical,runtime_error,True,False,1.0
MBPP,270,False,logical,runtime_error,True,False,1.0
MBPP,271,False,logical,runtime_error,True,False,1.0
MBPP,272,False,logical,runtime_error,True,False,1.0
MBPP,273,False,logical,runtime_error,True,False,1.0
MBPP,274,False,logical,runtime_error,True,False,1.0
MBPP,276,False,logical,runtime_error,True,False,1.0
MBPP,277,False,logical,runtime_error,True,False,1.0
MBPP,278,False,logical,runtime_error,True,False,1.0
MBPP,279,False,logical,runtime_error,True,False,1.0
MBPP,280,False,logical,runtime_error,True,False,1.0
MBPP,281,False,logical,runtime_error,True,False,1.0
MBPP,282,False,logical,runtime_error,True,False,1.0
MBPP,283,False,logical,runtime_error,True,False,1.0
MBPP,284,False,logical,runtime_error,True,False,1.0
MBPP,418,False,logical,runtime_error,True,False,1.0
MBPP,419,False,logical,runtime_error,True,False,1.0
MBPP,420,False,logical,runtime_error,True,False,1.0
MBPP,421,False,logical,runtime_error,True,False,1.0
MBPP,422,False,logical,runtime_error,True,False,1.0
MBPP,424,False,logical,runtime_error,True,False,1.0
MBPP,425,False,logical,runtime_error,True,False,1.0
MBPP,426,False,logical,runtime_error,True,False,1.0
MBPP,427,False,logical,runtime_error,True,False,1.0
MBPP,428,False,logical,runtime_error,True,False,1.0
MBPP,429,False,logical,runtime_error,True,False,1.0
MBPP,430,False,logical,runtime_error,True,False,1.0
MBPP,431,False,logical,runtime_error,True,False,1.0
MBPP,432,False,logical,runtime_error,True,False,1.0
MBPP,433,False,logical,runtime_error,True,False,1.0
MBPP,434,False,logical,runtime_error,True,False,1.0
MBPP,435,False,logical,runtime_error,True,False,1.0
MBPP,436,False,logical,runtime_error,True,False,1.0
MBPP,437,False,logical,runtime_error,True,False,1.0
MBPP,438,False,logical,runtime_error,True,False,1.0
MBPP,439,False,logical,runtime_error,True,False,1.0
MBPP,440,False,logical,runtime_error,True,False,1.0
MBPP,441,False,logical,runtime_error,True,False,1.0
MBPP,442,False,logical,runtime_error,True,False,1.0
MBPP,443,False,logical,runtime_error,True,False,1.0
MBPP,444,False,logical,runtime_error,True,False,1.0
MBPP,445,False,logical,runtime_error,True,False,1.0
MBPP,446,False,logical,runtime_error,True,False,1.0
MBPP,447,False,logical,runtime_error,True,False,1.0
MBPP,448,False,logical,runtime_error,True,False,1.0
MBPP,450,False,logical,runtime_error,True,False,1.0
MBPP,451,False,logical,runtime_error,True,False,1.0
MBPP,452,False,logical,runtime_error,True,False,1.0
MBPP,453,False,logical,runtime_error,True,False,1.0
MBPP,454,False,logical,runtime_error,True,False,1.0
MBPP,455,False,logical,runtime_error,True,False,1.0
MBPP,456,False,logical,runtime_error,True,False,1.0
MBPP,457,False,logical,runtime_error,True,False,1.0
MBPP,458,False,logical,runtime_error,True,False,1.0
MBPP,459,False,logical,runtime_error,True,False,1.0
MBPP,460,False,logical,runtime_error,True,False,1.0
MBPP,461,False,logical,runtime_error,True,False,1.0
MBPP,462,False,logical,runtime_error,True,False,1.0
MBPP,463,False,logical,runtime_error,True,False,1.0
MBPP,464,False,logical,runtime_error,True,False,1.0
MBPP,465,False,logical,runtime_error,True,False,1.0
MBPP,468,False,logical,runtime_error,True,False,1.0
MBPP,470,False,logical,runtime_error,True,False,1.0
MBPP,471,False,logical,runtime_error,True,False,1.0
MBPP,472,False,logical,runtime_error,True,False,1.0
MBPP,473,False,logical,runtime_error,True,False,1.0
MBPP,474,False,logical,runtime_error,True,False,1.0
MBPP,475,False,logical,runtime_error,True,False,1.0
MBPP,476,False,logical,runtime_error,True,False,1.0
MBPP,477,False,logical,runtime_error,True,False,1.0
MBPP,478,False,logical,runtime_error,True,False,1.0
MBPP,479,False,crash,crash,False,False,0.0
MBPP,103,False,logical,runtime_error,True,False,1.0
MBPP,104,False,logical,runtime_error,True,False,1.0
MBPP,105,False,logical,runtime_error,True,False,1.0
MBPP,106,False,logical,runtime_error,True,False,1.0
MBPP,108,False,logical,runtime_error,True,False,1.0
MBPP,109,False,logical,runtime_error,True,False,1.0
MBPP,111,False,logical,runtime_error,True,False,1.0
MBPP,113,False,logical,runtime_error,True,False,1.0
MBPP,115,False,logical,runtime_error,True,False,1.0
MBPP,116,False,logical,runtime_error,True,False,1.0
MBPP,117,False,logical,runtime_error,True,False,1.0
MBPP,118,False,logical,runtime_error,True,False,1.0
MBPP,119,False,crash,crash,True,False,0.0
MBPP,120,False,logical,runtime_error,True,False,1.0
MBPP,123,False,logical,runtime_error,True,False,1.0
MBPP,124,False,logical,runtime_error,True,False,1.0
MBPP,125,False,logical,runtime_error,True,False,1.0
MBPP,126,False,logical,runtime_error,True,False,1.0
MBPP,127,False,logical,runtime_error,True,False,1.0
MBPP,128,False,crash,crash,True,False,0.0
MBPP,129,False,logical,runtime_error,True,False,1.0
MBPP,130,False,logical,runtime_error,True,False,1.0
MBPP,131,False,logical,runtime_error,True,False,1.0
MBPP,132,False,logical,runtime_error,True,False,1.0
MBPP,133,False,logical,runtime_error,True,False,1.0
MBPP,135,False,logical,runtime_error,True,False,1.0
MBPP,137,False,logical,runtime_error,True,False,1.0
MBPP,138,False,logical,runtime_error,True,False,1.0
MBPP,139,False,logical,runtime_error,True,False,1.0
MBPP,140,False,logical,runtime_error,True,False,1.0
MBPP,141,False,logical,runtime_error,True,False,1.0
MBPP,142,False,logical,runtime_error,True,False,1.0
MBPP,143,False,logical,runtime_error,True,False,1.0
MBPP,145,False,logical,runtime_error,True,False,1.0
MBPP,160,False,logical,runtime_error,True,False,1.0
MBPP,161,False,logical,runtime_error,True,False,1.0
MBPP,162,False,logical,runtime_error,True,False,1.0
MBPP,163,False,logical,runtime_error,True,False,1.0
MBPP,164,False,logical,runtime_error,True,False,1.0
MBPP,165,False,logical,runtime_error,True,False,1.0
MBPP,166,False,logical,runtime_error,True,False,1.0
MBPP,167,False,logical,runtime_error,True,False,1.0
MBPP,168,False,logical,runtime_error,True,False,1.0
MBPP,170,False,logical,runtime_error,True,False,1.0
MBPP,171,False,logical,runtime_error,True,False,1.0
MBPP,172,False,logical,runtime_error,True,False,1.0
MBPP,222,False,logical,runtime_error,True,False,1.0
MBPP,223,False,logical,runtime_error,True,False,1.0
MBPP,224,False,logical,runtime_error,True,False,1.0
MBPP,226,False,logical,runtime_error,True,False,1.0
