dataset,task_id,error_types,error_sources,repair_category,skipped,patched_code,repaired_code,raw_response,pass/fail
MBPP,605,,,syntax,False,"<<<< [ERROR START]
def prime_num(num):
[ERROR FINISH] >>>>
    if num <= 1:
        return False
    if num <= 3:
        return True
    if num % 2 == 0 or num % 3 == 0:
        return False
    i = 5
    while i * i <= num:
        if num % i == 0 or num % (i + 2) == 0:
            return False
        i += 6
    return True","def prime_num(num):
    if num <= 1:
        return False
    if num <= 3:
        return True
    if num % 2 == 0 or num % 3 == 0:
        return False
    i = 5
    while i * i <= num:
        if num % i == 0 or num % (i + 2) == 0:
            return False
        i += 6
    return True","```python
def prime_num(num):
    if num <= 1:
        return False
    if num <= 3:
        return True
    if num % 2 == 0 or num % 3 == 0:
        return False
    i = 5
    while i * i <= num:
        if num % i == 0 or num % (i + 2) == 0:
            return False
        i += 6
    return True
```",fail
DS1000,DS0002,,,other,False,"
import pandas as pd
import numpy as np
df = test_input
result = df.apply(lambda x: 'other' if x.isin(['apple', 'egg']) else x)
","import pandas as pd
import numpy as np

# Original data
data = pd.DataFrame({
    'Qu1': ['apple', 'potato', 'cheese', 'banana', 'cheese', 'banana', 'cheese', 'potato', 'egg'],
    'Qu2': ['sausage', 'banana', 'apple', 'apple', 'apple', 'sausage', 'banana', 'banana', 'banana'],
    'Qu3': ['apple', 'potato', 'sausage', 'cheese', 'cheese', 'potato', 'cheese', 'potato', 'egg']
})

# Apply the transformation
result = data.apply(lambda x: 'other' if (x == 'apple') | (x == 'egg') else x)

print(result)","```python
import pandas as pd
import numpy as np

# Original data
data = pd.DataFrame({
    'Qu1': ['apple', 'potato', 'cheese', 'banana', 'cheese', 'banana', 'cheese', 'potato', 'egg'],
    'Qu2': ['sausage', 'banana', 'apple', 'apple', 'apple', 'sausage', 'banana', 'banana', 'banana'],
    'Qu3': ['apple', 'potato', 'sausage', 'cheese', 'cheese', 'potato', 'cheese', 'potato', 'egg']
})

# Apply the transformation
result = data.apply(lambda x: 'other' if (x == 'apple') | (x == 'egg') else x)

print(result)
```",fail
DS1000,DS0004,,,syntax,False,"
import pandas as pd
import numpy as np
def f(df):
<<<< [ERROR START]
df['Qu1'] = df['Qu1'].map(lambda x: 'other' if pd.value_counts(df['Qu1']) < 2 else x)
df['Qu3'] = df['Qu3'].map(lambda x: 'other' if pd.value_counts(df['Qu3']) < 2 else x)
[ERROR FINISH] >>>>
df = test_input
result = f(df)
","import pandas as pd
import numpy as np

def f(df):
    df['Qu1'] = df['Qu1'].map(lambda x: 'other' if pd.value_counts(df['Qu1']) < 2 else x)
    df['Qu3'] = df['Qu3'].map(lambda x: 'other' if pd.value_counts(df['Qu3']) < 2 else x)
    return df

test_input = DataFrame({'Qu1': ['apple', 'potato', 'cheese', 'banana', 'cheese', 'banana', 'cheese', 'potato', 'egg'],
                  'Qu2': ['sausage', 'banana', 'apple', 'apple', 'apple', 'sausage', 'banana', 'banana', 'banana'],
                  'Qu3': ['apple', 'potato', 'sausage', 'cheese', 'cheese', 'potato', 'cheese', 'potato', 'egg']})

result = f(test_input)
print(result)","```python
import pandas as pd
import numpy as np

def f(df):
    df['Qu1'] = df['Qu1'].map(lambda x: 'other' if pd.value_counts(df['Qu1']) < 2 else x)
    df['Qu3'] = df['Qu3'].map(lambda x: 'other' if pd.value_counts(df['Qu3']) < 2 else x)
    return df

test_input = DataFrame({'Qu1': ['apple', 'potato', 'cheese', 'banana', 'cheese', 'banana', 'cheese', 'potato', 'egg'],
                  'Qu2': ['sausage', 'banana', 'apple', 'apple', 'apple', 'sausage', 'banana', 'banana', 'banana'],
                  'Qu3': ['apple', 'potato', 'sausage', 'cheese', 'cheese', 'potato', 'cheese', 'potato', 'egg']})

result = f(test_input)
print(result)
```",fail
DS1000,DS0011,,,key,False,"
import pandas as pd
import numpy as np
df = test_input
df['datetime_column'] = df['datetime_column'].dt.tz_localize(None)
result = df
","import pandas as pd
import numpy as np

# Assuming 'test_input' is your DataFrame
df = test_input
df['datetime_column'] = df['datetime_column'].dt.tz_localize(None).dt.tz_convert(None)
result = df","```python
import pandas as pd
import numpy as np

# Assuming 'test_input' is your DataFrame
df = test_input
df['datetime_column'] = df['datetime_column'].dt.tz_localize(None).dt.tz_convert(None)
result = df
```",fail
DS1000,DS0015,,,other,False,"
import pandas as pd
import numpy as np
df = test_input
result = df['message'].str.extractall(r'(\w+): (\w+)').unstack().reset_index(level=1, drop=True).rename(columns={0: 'key', 1: 'value'})
","import pandas as pd
import numpy as np

test_input = {
    'name': ['matt', 'james', 'adam'],
    'status': ['active', 'active', 'inactive'],
    'number': [12345, 23456, 34567],
    'message': [
        '[job: , money: none, wife: none]',
        '[group: band, wife: yes, money: 10000]',
        '[job: none, money: none, wife:  , kids: one, group: jail]'
    ]
}

df = pd.DataFrame(test_input)

# Extract key-value pairs from the message column
result = df['message'].str.extractall(r'(\w+): (\w+)')

# Expand the extracted values into separate columns
expanded_df = result.unstack(fill_value='none').rename(columns=lambda x: x[0])

print(expanded_df)","```python
import pandas as pd
import numpy as np

test_input = {
    'name': ['matt', 'james', 'adam'],
    'status': ['active', 'active', 'inactive'],
    'number': [12345, 23456, 34567],
    'message': [
        '[job: , money: none, wife: none]',
        '[group: band, wife: yes, money: 10000]',
        '[job: none, money: none, wife:  , kids: one, group: jail]'
    ]
}

df = pd.DataFrame(test_input)

# Extract key-value pairs from the message column
result = df['message'].str.extractall(r'(\w+): (\w+)')

# Expand the extracted values into separate columns
expanded_df = result.unstack(fill_value='none').rename(columns=lambda x: x[0])

print(expanded_df)
```

This code will correctly extract the key-value pairs from the `message` column and expand them into separate columns, filling missing values with 'none'.",fail
DS1000,DS0020,,,name,False,"
import pandas as pd
import numpy as np
df = test_input
result['category'] = df.apply(lambda row: next((col for col in df.columns if row[col] == 1), None), axis=1)
result = df
","import pandas as pd

# Assuming df1 is your input DataFrame
df1 = pd.DataFrame({
    'A': [1, 0, 0, 0, 1, 0],
    'B': [0, 1, 0, 0, 0, 1],
    'C': [0, 0, 1, 0, 0, 0],
    'D': [0, 0, 0, 1, 0, 0]
})

# Convert binary columns to a single categorical column
df1['category'] = df1.apply(lambda row: next((col for col in df1.columns if row[col] == 1), None), axis=1)

print(df1)","```python
import pandas as pd

# Assuming df1 is your input DataFrame
df1 = pd.DataFrame({
    'A': [1, 0, 0, 0, 1, 0],
    'B': [0, 1, 0, 0, 0, 1],
    'C': [0, 0, 1, 0, 0, 0],
    'D': [0, 0, 0, 1, 0, 0]
})

# Convert binary columns to a single categorical column
df1['category'] = df1.apply(lambda row: next((col for col in df1.columns if row[col] == 1), None), axis=1)

print(df1)
```",fail
DS1000,DS0039,,,type,False,"
import pandas as pd
import numpy as np
df = test_input
result = df.apply(lambda x: x.value_counts()).T
","import pandas as pd
import numpy as np

# Assuming test_input is your DataFrame
df = pd.DataFrame({
    'id': [1, 2, 3],
    'temp': [34, np.nan, 34],
    'name': ['mark', 'mark', 'mark']
})

result = df.apply(lambda x: x.value_counts()).T

print(result)","```python
import pandas as pd
import numpy as np

# Assuming test_input is your DataFrame
df = pd.DataFrame({
    'id': [1, 2, 3],
    'temp': [34, np.nan, 34],
    'name': ['mark', 'mark', 'mark']
})

result = df.apply(lambda x: x.value_counts()).T

print(result)
```",fail
DS1000,DS0042,,,attribute,False,"
import pandas as pd
import numpy as np
df = test_input
result = df.iloc[1:].reset_index(drop=True).add_prefix('A_')
result = result.append(df.iloc[0].rename(columns=lambda x: f'B_{x}'))
","import pandas as pd

# Load the Excel file
xl = pd.ExcelFile(""nanonose.xls"")

# Read the sheet
df = xl.parse(""Sheet1"")

# Drop the 'Unnamed: 2' column
df = df.drop('Unnamed: 2', axis=1)

# Merge the first and second rows
merged_df = df.iloc[0].to_frame().T.merge(df.iloc[1:], how='left')

# Reset index
merged_df.reset_index(drop=True, inplace=True)

# Rename columns
merged_df.columns = ['Nanonose', 'Concentration', 'A', 'B', 'C', 'D', 'E', 'F', 'G', 'H']

print(merged_df.head())","```python
import pandas as pd

# Load the Excel file
xl = pd.ExcelFile(""nanonose.xls"")

# Read the sheet
df = xl.parse(""Sheet1"")

# Drop the 'Unnamed: 2' column
df = df.drop('Unnamed: 2', axis=1)

# Merge the first and second rows
merged_df = df.iloc[0].to_frame().T.merge(df.iloc[1:], how='left')

# Reset index
merged_df.reset_index(drop=True, inplace=True)

# Rename columns
merged_df.columns = ['Nanonose', 'Concentration', 'A', 'B', 'C', 'D', 'E', 'F', 'G', 'H']

print(merged_df.head())
```",fail
DS1000,DS0054,,,other,False,"
import pandas as pd
import numpy as np
df = test_input
result = df.idxmax()[df.idxmin():]
","import pandas as pd
import numpy as np

# Sample data
a = np.array([[ 1. ,  0.9,  1. ],
              [ 0.9,  0.9,  1. ],
              [ 0.8,  1. ,  0.5],
              [ 1. ,  0.3,  0.2],
              [ 1. ,  0.2,  0.1],
              [ 0.9,  1. ,  1. ],
              [ 1. ,  0.9,  1. ],
              [ 0.6,  0.9,  0.7],
              [ 1. ,  0.9,  0.8],
              [ 1. ,  0.8,  0.9]])

idx = pd.date_range('2017', periods=a.shape[0])
df = pd.DataFrame(a, index=idx, columns=list('abc'))

# Corrected code
result = df.idxmax()[df.idxmin():]
print(result)","```python
import pandas as pd
import numpy as np

# Sample data
a = np.array([[ 1. ,  0.9,  1. ],
              [ 0.9,  0.9,  1. ],
              [ 0.8,  1. ,  0.5],
              [ 1. ,  0.3,  0.2],
              [ 1. ,  0.2,  0.1],
              [ 0.9,  1. ,  1. ],
              [ 1. ,  0.9,  1. ],
              [ 0.6,  0.9,  0.7],
              [ 1. ,  0.9,  0.8],
              [ 1. ,  0.8,  0.9]])

idx = pd.date_range('2017', periods=a.shape[0])
df = pd.DataFrame(a, index=idx, columns=list('abc'))

# Corrected code
result = df.idxmax()[df.idxmin():]
print(result)
```",fail
DS1000,DS0099,,,syntax,False,"
import pandas as pd
import numpy as np
df = test_input
<<<< [ERROR START]
result = df[df.apply(lambda row: any(abs(row[col]) > 1 for col in row if col.startswith('Value_'))].drop(columns=[col for col in df.columns if col.startswith('Value_')])
[ERROR FINISH] >>>>
result = df
","import pandas as pd
import numpy as np
df = test_input

result = df[df.apply(lambda row: any(abs(row[col]) > 1 for col in row if col.startswith('Value_'))].drop(columns=[col for col in df.columns if col.startswith('Value_')])

print(result)","```python
import pandas as pd
import numpy as np
df = test_input

result = df[df.apply(lambda row: any(abs(row[col]) > 1 for col in row if col.startswith('Value_'))].drop(columns=[col for col in df.columns if col.startswith('Value_')])

print(result)
```",fail
DS1000,DS0262,,,other,False,"
import pandas as pd
import numpy as np
df, filt = test_input
result = df.loc[filt]
","import pandas as pd
import numpy as np

def test_input():
    df = pd.DataFrame({'a':[1,1,1,2,2,2,3,3,3], 
                       'b':[1,2,3,1,2,3,1,2,3], 
                       'c':range(9)}).set_index(['a', 'b'])
    filt = pd.Series({1:True, 2:False, 3:True})
    return df, filt

df, filt = test_input()
result = df.loc[filt]
print(result)","```python
import pandas as pd
import numpy as np

def test_input():
    df = pd.DataFrame({'a':[1,1,1,2,2,2,3,3,3], 
                       'b':[1,2,3,1,2,3,1,2,3], 
                       'c':range(9)}).set_index(['a', 'b'])
    filt = pd.Series({1:True, 2:False, 3:True})
    return df, filt

df, filt = test_input()
result = df.loc[filt]
print(result)
```",fail
DS1000,DS0267,,,attribute,False,"
import pandas as pd
import numpy as np
df = test_input
result = [(a, b) for a, b in zip(df.iloc[0], df.iloc[8]) if not pd.isclose(a, b)]
","```python
import pandas as pd
import numpy as np

# Sample DataFrame
test_input = pd.DataFrame({
    'c0': [np.nan, np.nan, np.nan, 3.0, 7.0, np.nan, 3.0, 13.0, 3.0, 3.0],
    'c1': [6.0, 6.0, 17.0, np.nan, 8.0, 14.0, 13.0, 14.0, 9.0, 17.0],
    'c2': [14.0, 5.0, 8.0, 15.0, 7.0, 2.0, NaN, 5.0, 14.0, NaN],
    'c3': [np.nan, 17.0, 8.0, 19.0, np.nan, 5.0, NaN, NaN, NaN, NaN],
    'c4': [5.0, np.nan, 6.0, np.nan, 9.0, np.nan, 0.0, 13.0, 11.0, 0.0],
    'c5': [np.nan, np.nan, np.nan, 8.0, 19.0, np.nan, 0.0, np.nan, NaN, 8.0],
    'c6': [2.0, 13.0, NaN, 3.0, 0.0, 0.0, NaN, 12.0, NaN, NaN],
    'c7': [12.0, NaN, 13.0, NaN, 0.0, np.nan, 6.0, 18.0, NaN, 5.0],
    'c8': [3.0, NaN, NaN, 19.0, 11.0, NaN, NaN, NaN, NaN, 5.0],
    'c9': [7.0, NaN, NaN, 5.0, 0.0, np.nan, 11.0, NaN, NaN, 0.0]
})

# Corrected code
result = [(a, b) for a, b in zip(df","```python
import pandas as pd
import numpy as np

# Sample DataFrame
test_input = pd.DataFrame({
    'c0': [np.nan, np.nan, np.nan, 3.0, 7.0, np.nan, 3.0, 13.0, 3.0, 3.0],
    'c1': [6.0, 6.0, 17.0, np.nan, 8.0, 14.0, 13.0, 14.0, 9.0, 17.0],
    'c2': [14.0, 5.0, 8.0, 15.0, 7.0, 2.0, NaN, 5.0, 14.0, NaN],
    'c3': [np.nan, 17.0, 8.0, 19.0, np.nan, 5.0, NaN, NaN, NaN, NaN],
    'c4': [5.0, np.nan, 6.0, np.nan, 9.0, np.nan, 0.0, 13.0, 11.0, 0.0],
    'c5': [np.nan, np.nan, np.nan, 8.0, 19.0, np.nan, 0.0, np.nan, NaN, 8.0],
    'c6': [2.0, 13.0, NaN, 3.0, 0.0, 0.0, NaN, 12.0, NaN, NaN],
    'c7': [12.0, NaN, 13.0, NaN, 0.0, np.nan, 6.0, 18.0, NaN, 5.0],
    'c8': [3.0, NaN, NaN, 19.0, 11.0, NaN, NaN, NaN, NaN, 5.0],
    'c9': [7.0, NaN, NaN, 5.0, 0.0, np.nan, 11.0, NaN, NaN, 0.0]
})

# Corrected code
result = [(a, b) for a, b in zip(df",fail
DS1000,DS0369,,,other,False,"
import numpy as np
a = test_input
result = np.all(np.all(a == a[0], axis=0), axis=1)
","import numpy as np

a = test_input
result = np.all(np.all(a == a[0], axis=0), axis=1)","```python
import numpy as np

a = test_input
result = np.all(np.all(a == a[0], axis=0), axis=1)
```",fail
DS1000,DS0475,,,other,False,"
import numpy as np
from scipy import interpolate as intp
a, x_new, y_new = test_input
result = intp.interp2d(np.linspace(0, 3, a.size), np.linspace(0, 3, a.size), a.flatten(), kind='linear')(np.linspace(0, 3, a.size * 4), np.linspace(0, 3, a.size * 4))
","import numpy as np
from scipy.interpolate import RectBivariateSpline

a = np.arange(0, 4, 1).reshape(2, 2)
x_new = np.linspace(0, 3, a.size * 4)
y_new = np.linspace(0, 3, a.size * 4)

# Create a RectBivariateSpline object from the original data
spline = RectBivariateSpline(np.arange(a.shape[0]), np.arange(a.shape[1]), a)

# Evaluate the spline at the new grid points
result = spline(x_new, y_new)

print(result)","```python
import numpy as np
from scipy.interpolate import RectBivariateSpline

a = np.arange(0, 4, 1).reshape(2, 2)
x_new = np.linspace(0, 3, a.size * 4)
y_new = np.linspace(0, 3, a.size * 4)

# Create a RectBivariateSpline object from the original data
spline = RectBivariateSpline(np.arange(a.shape[0]), np.arange(a.shape[1]), a)

# Evaluate the spline at the new grid points
result = spline(x_new, y_new)

print(result)
```",fail
DS1000,DS0596,,,other,False,"
import numpy as np
import pandas as pd
import matplotlib.pyplot as plt
x = np.arange(10)
y = np.arange(10)
plt.plot(x, y, marker='o', linestyle='-', alpha=0.5)
plt.savefig('output.png', bbox_inches ='tight')
result = None
","import numpy as np
import pandas as pd
import matplotlib.pyplot as plt

x = np.arange(10)
y = np.arange(10)

# Plot y over x in a line plot
# Show marker on the line plot. Make the marker have a 0.5 transparency but keep the lines solid.
# SOLUTION START
plt.figure(figsize=(8, 6))
plt.plot(x, y, marker='o', linestyle='-', alpha=0.5)
plt.savefig('output.png', bbox_inches='tight')
result = None","```python
import numpy as np
import pandas as pd
import matplotlib.pyplot as plt

x = np.arange(10)
y = np.arange(10)

# Plot y over x in a line plot
# Show marker on the line plot. Make the marker have a 0.5 transparency but keep the lines solid.
# SOLUTION START
plt.figure(figsize=(8, 6))
plt.plot(x, y, marker='o', linestyle='-', alpha=0.5)
plt.savefig('output.png', bbox_inches='tight')
result = None
```",fail
DS1000,DS0799,,,other,False,"
from scipy import sparse
import numpy as np
import math
sa = test_input
result = sa.multiply(1 / sa.power(2).sum(axis=0)**0.5)
result = sa
","from scipy import sparse
import numpy as np
import math

# Assuming sa is your sparse matrix
sa = sparse.csc_matrix(np.array([[1, 2], [3, 4]]))

# Iterate through columns
for Col in range(sa.shape[1]):
    Column = sa.getcol(Col).data  # Get the column data
    List = [x**2 for x in Column]
    Len = math.sqrt(sum(List))  # Calculate the length of the column
    sa.data[sa.indptr[Col]:sa.indptr[Col + 1]] /= Len  # Update the original column in place

print(sa.todense())","```python
from scipy import sparse
import numpy as np
import math

# Assuming sa is your sparse matrix
sa = sparse.csc_matrix(np.array([[1, 2], [3, 4]]))

# Iterate through columns
for Col in range(sa.shape[1]):
    Column = sa.getcol(Col).data  # Get the column data
    List = [x**2 for x in Column]
    Len = math.sqrt(sum(List))  # Calculate the length of the column
    sa.data[sa.indptr[Col]:sa.indptr[Col + 1]] /= Len  # Update the original column in place

print(sa.todense())
```",fail
DS1000,DS0846,,,other,False,"
import pandas as pd
import numpy as np
from sklearn.feature_extraction.text import TfidfVectorizer
from sklearn.decomposition import NMF
from sklearn.pipeline import Pipeline
data = test_input
pipe = Pipeline([
    (""tf_idf"", TfidfVectorizer()),
    (""nmf"", NMF())
])
tf_idf_out = pipe.named_steps[""tf_idf""].transform(data.test)
result = tf_idf_out
","import pandas as pd
import numpy as np
from sklearn.feature_extraction.text import TfidfVectorizer
from sklearn.decomposition import NMF
from sklearn.pipeline import Pipeline

data = pd.DataFrame([[""Salut comment tu vas"", ""Hey how are you today"", ""I am okay and you ?""]]).T
data.columns = [""test""]

pipe = Pipeline([
    (""tf_idf"", TfidfVectorizer()),
    (""nmf"", NMF())
])

# Fit the pipeline to the data
pipe.fit(data.test)

# Transform the data using the TF-IDF vectorizer
tf_idf_out = pipe.named_steps[""tf_idf""].transform(data.test)

result = tf_idf_out","```python
import pandas as pd
import numpy as np
from sklearn.feature_extraction.text import TfidfVectorizer
from sklearn.decomposition import NMF
from sklearn.pipeline import Pipeline

data = pd.DataFrame([[""Salut comment tu vas"", ""Hey how are you today"", ""I am okay and you ?""]]).T
data.columns = [""test""]

pipe = Pipeline([
    (""tf_idf"", TfidfVectorizer()),
    (""nmf"", NMF())
])

# Fit the pipeline to the data
pipe.fit(data.test)

# Transform the data using the TF-IDF vectorizer
tf_idf_out = pipe.named_steps[""tf_idf""].transform(data.test)

result = tf_idf_out
```",fail
DS1000,DS0893,,,other,False,"
import pandas as pd
import numpy as np
dataset = test_input
import pandas as pd
import numpy as np

# Assuming 'test_input' is your DataFrame
dataset = pd.read_csv('example.csv', header=None, sep=',')

# Split the dataset into features (X) and target (y)
X = dataset.iloc[:, :-1]
<<<< [ERROR START]
y = dataset.iloc[:, -1]
[ERROR FINISH] >>>>

# Split the dataset into training and testing sets (80/20)
from sklearn.model_selection import train_test_split
x_train, x_test, y_train, y_test = train_test_split(X, y, test_size=0.2, random_state=42)

# Assign the result to the variable 'result'
result = (x_train, x_test, y_train, y_test)
result = (x_train, x_test, y_train, y_test)
","import pandas as pd
import numpy as np

# Assuming 'test_input' is your DataFrame
# dataset = pd.read_csv('example.csv', header=None, sep=',')

# Correct the import statement for pandas
dataset = pd.read_csv('example.csv', header=None, sep=',')

# Split the dataset into features (X) and target (y)
X = dataset.iloc[:, :-1]
y = dataset.iloc[:, -1]

# Split the dataset into training and testing sets (80/20)
from sklearn.model_selection import train_test_split
x_train, x_test, y_train, y_test = train_test_split(X, y, test_size=0.2, random_state=42)

# Assign the result to the variable 'result'
result = (x_train, x_test, y_train, y_test)","```python
import pandas as pd
import numpy as np

# Assuming 'test_input' is your DataFrame
# dataset = pd.read_csv('example.csv', header=None, sep=',')

# Correct the import statement for pandas
dataset = pd.read_csv('example.csv', header=None, sep=',')

# Split the dataset into features (X) and target (y)
X = dataset.iloc[:, :-1]
y = dataset.iloc[:, -1]

# Split the dataset into training and testing sets (80/20)
from sklearn.model_selection import train_test_split
x_train, x_test, y_train, y_test = train_test_split(X, y, test_size=0.2, random_state=42)

# Assign the result to the variable 'result'
result = (x_train, x_test, y_train, y_test)
```",fail
DS1000,DS0936,,,other,False,,"import torch
from gensim.models import Word2Vec

# Assuming common_texts is already defined
word2vec = Word2Vec(sentences=common_texts, vector_size=100, window=5, min_count=1, workers=4)

# Convert the Gensim model's weights to a PyTorch tensor
embedding_weights = torch.FloatTensor(word2vec.wv.vectors)

# Create a new embedding layer in PyTorch using the weights from Gensim
embedding_layer = torch.nn.Embedding.from_pretrained(embedding_weights)

# Now you can use `embedding_layer` to embed your input data","```python
import torch
from gensim.models import Word2Vec

# Assuming common_texts is already defined
word2vec = Word2Vec(sentences=common_texts, vector_size=100, window=5, min_count=1, workers=4)

# Convert the Gensim model's weights to a PyTorch tensor
embedding_weights = torch.FloatTensor(word2vec.wv.vectors)

# Create a new embedding layer in PyTorch using the weights from Gensim
embedding_layer = torch.nn.Embedding.from_pretrained(embedding_weights)

# Now you can use `embedding_layer` to embed your input data
```",fail
DS1000,DS0957,,,other,False,"<<<< [ERROR START]

[ERROR FINISH] >>>>
import numpy as np
import pandas as pd
import torch
a, b = test_input
ab = torch.cat((a.unsqueeze(0), b.unsqueeze(0)), dim=0)
result = ab
","import torch

# Assuming `test_input` is a tuple containing tensors `a` and `b`
a, b = test_input

# Use torch.cat with unsqueeze to stack tensors along a new dimension
ab = torch.cat((a.unsqueeze(0), b.unsqueeze(0)), dim=0)

# Ensure the result has the desired shape (3x11)
ab = ab.view(3, 11)

# Optional: Convert to numpy if needed
ab_np = ab.numpy()

# Example of how you might want to use the result
print(ab)","```python
import torch

# Assuming `test_input` is a tuple containing tensors `a` and `b`
a, b = test_input

# Use torch.cat with unsqueeze to stack tensors along a new dimension
ab = torch.cat((a.unsqueeze(0), b.unsqueeze(0)), dim=0)

# Ensure the result has the desired shape (3x11)
ab = ab.view(3, 11)

# Optional: Convert to numpy if needed
ab_np = ab.numpy()

# Example of how you might want to use the result
print(ab)
```",fail
HumanEval,HumanEval/126,,,syntax,False,"def is_sorted(lst):
    # Check if the list is empty or has only one element
    if len(lst) <= 1:
        return True
    
    # Iterate through the list and check if each element is less than or equal to the next
    for i in range(len(lst) - 1):
        if lst[i] > lst[i + 1]:
            return False
    
    # If all elements are in non-decreasing order, return True
    return True

# Test cases
<<<< [ERROR START]
print(is_sorted([5])) ➞ True
[ERROR FINISH] >>>>
print(is_sorted([1, 2, 3, 4, 5])) ➞ True
print(is_sorted([1, 3, 2, 4, 5])) ➞ False
print(is_sorted([1, 2, 3, 4, 5, 6])) ➞ True
print(is_sorted([1, 2, 3, 4, 5, 6, 7])) ➞ True
print(is_sorted([1, 3, 2, 4, 5, 6, 7])) ➞ False
print(is_sorted([1, 2, 2, 3, 3, 4])) ➞ True
print(is_sorted([1, 2, 2, 2, 3, 4])) ➞ False","def is_sorted(lst):
    # Check if the list is empty or has only one element
    if len(lst) <= 1:
        return True
    
    # Iterate through the list and check if each element is less than or equal to the next
    for i in range(len(lst) - 1):
        if lst[i] > lst[i + 1]:
            return False
    
    # If all elements are in non-decreasing order, return True
    return True

# Test cases
print(is_sorted([5])) ➞ True
print(is_sorted([1, 2, 3, 4, 5])) ➞ True
print(is_sorted([1, 3, 2, 4, 5])) ➞ False
print(is_sorted([1, 2, 3, 4, 5, 6])) ➞ True
print(is_sorted([1, 2, 3, 4, 5, 6, 7])) ➞ True
print(is_sorted([1, 3, 2, 4, 5, 6, 7])) ➞ False
print(is_sorted([1, 2, 2, 3, 3, 4])) ➞ True
print(is_sorted([1, 2, 2, 2, 3, 4])) ➞ False","```python
def is_sorted(lst):
    # Check if the list is empty or has only one element
    if len(lst) <= 1:
        return True
    
    # Iterate through the list and check if each element is less than or equal to the next
    for i in range(len(lst) - 1):
        if lst[i] > lst[i + 1]:
            return False
    
    # If all elements are in non-decreasing order, return True
    return True

# Test cases
print(is_sorted([5])) ➞ True
print(is_sorted([1, 2, 3, 4, 5])) ➞ True
print(is_sorted([1, 3, 2, 4, 5])) ➞ False
print(is_sorted([1, 2, 3, 4, 5, 6])) ➞ True
print(is_sorted([1, 2, 3, 4, 5, 6, 7])) ➞ True
print(is_sorted([1, 3, 2, 4, 5, 6, 7])) ➞ False
print(is_sorted([1, 2, 2, 3, 3, 4])) ➞ True
print(is_sorted([1, 2, 2, 2, 3, 4])) ➞ False
```",fail
HumanEval,HumanEval/130,,,other,False,"def tri(n):
    """"""Everyone knows Fibonacci sequence, it was studied deeply by mathematicians in 
    the last couple centuries. However, what people don't know is Tribonacci sequence.
    Tribonacci sequence is defined by the recurrence:
    tri(1) = 3
    tri(n) = 1 + n / 2, if n is even.
    tri(n) =  tri(n - 1) + tri(n - 2) + tri(n + 1), if n is odd.
    For example:
    tri(2) = 1 + (2 / 2) = 2
    tri(4) = 3
    tri(3) = tri(2) + tri(1) + tri(4)
           = 2 + 3 + 3 = 8 
    You are given a non-negative integer number n, you have to a return a list of the 
    first n + 1 numbers of the Tribonacci sequence.
    Examples:
    tri(3) = [1, 3, 2, 8]
    """"""
    if n == 0:
        return [1]
    elif n == 1:
        return [1, 3]
    
    tribonacci = [1, 3]
    for i in range(2, n + 1):
        if i % 2 == 0:
            tribonacci.append(1 + i / 2)
        else:
<<<< [ERROR START]
            tribonacci.append(tribonacci[i - 1] + tribonacci[i - 2] + tribonacci[i + 1])
[ERROR FINISH] >>>>
    
    return tribonacci

# Test cases
print(tri(3))  # Output: [1, 3, 2, 8]
print(tri(5))  # Output: [1, 3, 2, 8, 10, 16]","def tri(n):
    """"""Everyone knows Fibonacci sequence, it was studied deeply by mathematicians in 
    the last couple centuries. However, what people don't know is Tribonacci sequence.
    Tribonacci sequence is defined by the recurrence:
    tri(1) = 3
    tri(n) = 1 + n / 2, if n is even.
    tri(n) =  tri(n - 1) + tri(n - 2) + tri(n + 1), if n is odd.
    For example:
    tri(2) = 1 + (2 / 2) = 2
    tri(4) = 3
    tri(3) = tri(2) + tri(1) + tri(4)
           = 2 + 3 + 3 = 8 
    You are given a non-negative integer number n, you have to a return a list of the 
    first n + 1 numbers of the Tribonacci sequence.
    Examples:
    tri(3) = [1, 3, 2, 8]
    """"""
    if n == 0:
        return [1]
    elif n == 1:
        return [1, 3]
    
    tribonacci = [1, 3]
    for i in range(2, n + 1):
        if i % 2 == 0:
            tribonacci.append(1 + i / 2)
        else:
            tribonacci.append(tribonacci[i - 1] + tribonacci[i - 2] + tribonacci[i - 1])
    
    return tribonacci

# Test cases
print(tri(3))  # Output: [1, 3, 2, 8]
print(tri(5))  # Output: [1, 3, 2, 8, 10, 16]","```python
def tri(n):
    """"""Everyone knows Fibonacci sequence, it was studied deeply by mathematicians in 
    the last couple centuries. However, what people don't know is Tribonacci sequence.
    Tribonacci sequence is defined by the recurrence:
    tri(1) = 3
    tri(n) = 1 + n / 2, if n is even.
    tri(n) =  tri(n - 1) + tri(n - 2) + tri(n + 1), if n is odd.
    For example:
    tri(2) = 1 + (2 / 2) = 2
    tri(4) = 3
    tri(3) = tri(2) + tri(1) + tri(4)
           = 2 + 3 + 3 = 8 
    You are given a non-negative integer number n, you have to a return a list of the 
    first n + 1 numbers of the Tribonacci sequence.
    Examples:
    tri(3) = [1, 3, 2, 8]
    """"""
    if n == 0:
        return [1]
    elif n == 1:
        return [1, 3]
    
    tribonacci = [1, 3]
    for i in range(2, n + 1):
        if i % 2 == 0:
            tribonacci.append(1 + i / 2)
        else:
            tribonacci.append(tribonacci[i - 1] + tribonacci[i - 2] + tribonacci[i - 1])
    
    return tribonacci

# Test cases
print(tri(3))  # Output: [1, 3, 2, 8]
print(tri(5))  # Output: [1, 3, 2, 8, 10, 16]
```",fail
HumanEval,HumanEval/38,,,name,False,"def decode_cyclic(s: str):
    """"""
    takes as input string encoded with encode_cyclic function. Returns decoded string.
    """"""
    # split string to groups. Each of length 3.
    groups = [s[(3 * i):min((3 * i + 3), len(s))] for i in range((len(s) + 2) // 3)]
    # cycle elements in each group. Unless group has fewer elements than 3.
    groups = [(group[-1] + group[:-1]) if len(group) == 3 else group for group in groups]
    return """".join(groups)","from typing import *
from collections import *

def encode_cyclic(s: str):
    """"""
    returns encoded string by cycling groups of three characters.
    """"""
    # split string to groups. Each of length 3.
    groups = [s[(3 * i):min((3 * i + 3), len(s))] for i in range((len(s) + 2) // 3)]
    # cycle elements in each group. Unless group has fewer elements than 3.
    groups = [(group[1:] + group[0]) if len(group) == 3 else group for group in groups]
    return """".join(groups)

def decode_cyclic(s: str):
    """"""
    takes as input string encoded with encode_cyclic function. Returns decoded string.
    """"""
    # split string to groups. Each of length 3.
    groups = [s[(3 * i):min((3 * i + 3), len(s))] for i in range((len(s) + 2) // 3)]
    # cycle elements in each group. Unless group has fewer elements than 3.
    groups = [(group[-1] + group[:-1]) if len(group) == 3 else group for group in groups]
    return """".join(groups)","```python
from typing import *
from collections import *

def encode_cyclic(s: str):
    """"""
    returns encoded string by cycling groups of three characters.
    """"""
    # split string to groups. Each of length 3.
    groups = [s[(3 * i):min((3 * i + 3), len(s))] for i in range((len(s) + 2) // 3)]
    # cycle elements in each group. Unless group has fewer elements than 3.
    groups = [(group[1:] + group[0]) if len(group) == 3 else group for group in groups]
    return """".join(groups)

def decode_cyclic(s: str):
    """"""
    takes as input string encoded with encode_cyclic function. Returns decoded string.
    """"""
    # split string to groups. Each of length 3.
    groups = [s[(3 * i):min((3 * i + 3), len(s))] for i in range((len(s) + 2) // 3)]
    # cycle elements in each group. Unless group has fewer elements than 3.
    groups = [(group[-1] + group[:-1]) if len(group) == 3 else group for group in groups]
    return """".join(groups)
```",fail
HumanEval,HumanEval/77,,,type,False,"import math

def iscube(a):
    '''
    Write a function that takes an integer a and returns True 
    if this ingeger is a cube of some integer number.
    Note: you may assume the input is always valid.
    Examples:
    iscube(1) ==> True
    iscube(2) ==> False
    iscube(-1) ==> True
    iscube(64) ==> True
    iscube(0) ==> True
    iscube(180) ==> False
    '''
    if a == 0:
        return True
<<<< [ERROR START]
    root = round(a ** (1/3))
[ERROR FINISH] >>>>
    return root ** 3 == a

# Test cases
print(iscube(1))   # True
print(iscube(2))   # False
print(iscube(-1))  # True
print(iscube(64))  # True
print(iscube(0))   # True
print(iscube(180)) # False","import math

def iscube(a):
    '''
    Write a function that takes an integer a and returns True 
    if this integer is a cube of some integer number.
    Note: you may assume the input is always valid.
    Examples:
    iscube(1) ==> True
    iscube(2) ==> False
    iscube(-1) ==> True
    iscube(64) ==> True
    iscube(0) ==> True
    iscube(180) ==> False
    '''
    if a == 0:
        return True
    root = round(a ** (1/3))
    return root ** 3 == a

# Test cases
print(iscube(1))   # True
print(iscube(2))   # False
print(iscube(-1))  # True
print(iscube(64))  # True
print(iscube(0))   # True
print(iscube(180)) # False","```python
import math

def iscube(a):
    '''
    Write a function that takes an integer a and returns True 
    if this integer is a cube of some integer number.
    Note: you may assume the input is always valid.
    Examples:
    iscube(1) ==> True
    iscube(2) ==> False
    iscube(-1) ==> True
    iscube(64) ==> True
    iscube(0) ==> True
    iscube(180) ==> False
    '''
    if a == 0:
        return True
    root = round(a ** (1/3))
    return root ** 3 == a

# Test cases
print(iscube(1))   # True
print(iscube(2))   # False
print(iscube(-1))  # True
print(iscube(64))  # True
print(iscube(0))   # True
print(iscube(180)) # False
```",fail
HumanEval,HumanEval/95,,,attribute,False,"def check_dict_case(dict):
    if not dict:
        return False
    
<<<< [ERROR START]
    all_lower = all(key.islower() for key in dict)
[ERROR FINISH] >>>>
    all_upper = all(key.isupper() for key in dict)
    
    return all_lower or all_upper

# Test cases
print(check_dict_case({""a"":""apple"", ""b"":""banana""}))  # True
print(check_dict_case({""a"":""apple"", ""A"":""banana"", ""B"":""banana""}))  # False
print(check_dict_case({""a"":""apple"", 8:""banana"", ""a"":""apple""}))  # False
print(check_dict_case({""Name"":""John"", ""Age"":""36"", ""City"":""Houston""}))  # False
print(check_dict_case({""STATE"":""NC"", ""ZIP"":""12345""}))  # True","def check_dict_case(dict):
    if not dict:
        return False
    
    all_lower = all(isinstance(key, str) and key.islower() for key in dict)
    all_upper = all(isinstance(key, str) and key.isupper() for key in dict)
    
    return all_lower or all_upper","```python
def check_dict_case(dict):
    if not dict:
        return False
    
    all_lower = all(isinstance(key, str) and key.islower() for key in dict)
    all_upper = all(isinstance(key, str) and key.isupper() for key in dict)
    
    return all_lower or all_upper
```",fail
