"task_id","dataset","buggy_code","patched_code","fixed_code","repair_passed","attempts_taken","error_type"
"103","MBPP","def eulerian_num(n, m):
    if m >= n or n == 0:
        return 0
    if m == 0:
        return 1
    if n == 1:
        return 0
    if m == 1:
        return n - 1
    
    # Initialize the base cases
    A = [[0] * (m + 1) for _ in range(n + 1)]
    A[0][0] = 1
    
    # Fill the table using the recurrence relation
    for i in range(1, n + 1):
        A[i][0] = (i - 1) * A[i - 1][1]
        for j in range(1, min(i, m) + 1):
            A[i][j] = (i - 1) * (A[i - 1][j] + A[i - 1][j - 1])
    
    return A[n][m]

# Example usage:
print(eulerian_num(5, 2))  # Output: 15","<<<< [ERROR START] (dynamic: SyntaxError)
def eulerian_num(n, m):
[ERROR FINISH] (dynamic: SyntaxError) >>>>
    if m >= n or n == 0:
        return 0
    if m == 0:
        return 1
    if n == 1:
        return 0
    if m == 1:
        return n - 1
    
    # Initialize the base cases
    A = [[0] * (m + 1) for _ in range(n + 1)]
    A[0][0] = 1
    
    # Fill the table using the recurrence relation
    for i in range(1, n + 1):
        A[i][0] = (i - 1) * A[i - 1][1]
        for j in range(1, min(i, m) + 1):
            A[i][j] = (i - 1) * (A[i - 1][j] + A[i - 1][j - 1])
    
    return A[n][m]

# Example usage:
print(eulerian_num(5, 2))  # Output: 15","","False","0","SyntaxError"
"763","MBPP","def find_min_diff(arr, n):
    # Sort the array
    arr.sort()
    
    # Initialize the minimum difference to a large number
    min_diff = float('inf')
    
    # Iterate through the sorted array to find the minimum difference
    for i in range(n - 1):
        # Calculate the difference between consecutive elements
        diff = arr[i + 1] - arr[i]
        
        # Update the minimum difference if the current difference is smaller
        if diff < min_diff:
            min_diff = diff
    
    return min_diff

# Example usage:
arr = [4, 9, 1, 3]
n = len(arr)
print(find_min_diff(arr, n))  # Output: 2","def find_min_diff(arr, n):
    # Sort the array
<<<< [ERROR START] (dynamic: AttributeError)
    arr.sort()
[ERROR FINISH] (dynamic: AttributeError) >>>>
    
    # Initialize the minimum difference to a large number
    min_diff = float('inf')
    
    # Iterate through the sorted array to find the minimum difference
    for i in range(n - 1):
        # Calculate the difference between consecutive elements
        diff = arr[i + 1] - arr[i]
        
        # Update the minimum difference if the current difference is smaller
        if diff < min_diff:
            min_diff = diff
    
    return min_diff

# Example usage:
arr = [4, 9, 1, 3]
n = len(arr)
print(find_min_diff(arr, n))  # Output: 2","","False","5","AttributeError"
"117","MBPP","def list_to_float(test_list):
    # Iterate over each sublist in the main list
    for sub_list in test_list:
        # Iterate over each element in the sublist
        for i in range(len(sub_list)):
            # Check if the element can be converted to float
            try:
                # Convert the element to float
                sub_list[i] = float(sub_list[i])
            except ValueError:
                # If conversion fails, leave the element unchanged
                pass
    return test_list

# Example usage:
test_list = [[""1"", ""2"", ""3""], [""4"", ""5"", ""6""], [""7"", ""8"", ""9""]]
print(list_to_float(test_list))","<<<< [ERROR START] (dynamic: TypeError)
def list_to_float(test_list):
[ERROR FINISH] (dynamic: TypeError) >>>>
    # Iterate over each sublist in the main list
    for sub_list in test_list:
        # Iterate over each element in the sublist
        for i in range(len(sub_list)):
            # Check if the element can be converted to float
            try:
                # Convert the element to float
                sub_list[i] = float(sub_list[i])
            except ValueError:
                # If conversion fails, leave the element unchanged
                pass
    return test_list

# Example usage:
test_list = [[""1"", ""2"", ""3""], [""4"", ""5"", ""6""], [""7"", ""8"", ""9""]]
print(list_to_float(test_list))","","False","0","TypeError"
"164","MBPP","def div_sum(n):
    # Calculate the sum of divisors of n
    return sum(i for i in range(1, n + 1) if n % i == 0)

# Example usage:
# print(div_sum(28))  # Output: 28
# print(div_sum(12))  # Output: 28","<<<< [ERROR START] (dynamic: NameError)
def div_sum(n):
[ERROR FINISH] (dynamic: NameError) >>>>
    # Calculate the sum of divisors of n
    return sum(i for i in range(1, n + 1) if n % i == 0)

# Example usage:
# print(div_sum(28))  # Output: 28
# print(div_sum(12))  # Output: 28","","False","0","NameError"
"260","MBPP","from sympy import isprime

def newman_prime(n):
    count = 0
    num = 2
    while True:
        if isprime(num):
            count += 1
            if count == n:
                return num
        num += 1

# Example usage:
print(newman_prime(1))  # Output: 2
print(newman_prime(2))  # Output: 3
print(newman_prime(3))  # Output: 5
print(newman_prime(4))  # Output: 7
print(newman_prime(5))  # Output: 11","<<<< [ERROR START] (dynamic: ModuleNotFoundError)
from sympy import isprime
[ERROR FINISH] (dynamic: ModuleNotFoundError) >>>>

def newman_prime(n):
    count = 0
    num = 2
    while True:
        if isprime(num):
            count += 1
            if count == n:
                return num
        num += 1

# Example usage:
print(newman_prime(1))  # Output: 2
print(newman_prime(2))  # Output: 3
print(newman_prime(3))  # Output: 5
print(newman_prime(4))  # Output: 7
print(newman_prime(5))  # Output: 11","","False","0","ModuleNotFoundError"
"479","MBPP","def first_Digit(n):
    # Convert the number to a string to easily access the first character
    n_str = str(n)
    # Return the first character as an integer
    return int(n_str[0])

# Example usage:
print(first_Digit(12345))  # Output: 1
print(first_Digit(-98765)) # Output: 9","def first_Digit(n):
    # Convert the number to a string to easily access the first character
    n_str = str(n)
    # Return the first character as an integer
<<<< [ERROR START] (dynamic: ValueError)
    return int(n_str[0])
[ERROR FINISH] (dynamic: ValueError) >>>>

# Example usage:
print(first_Digit(12345))  # Output: 1
print(first_Digit(-98765)) # Output: 9","","False","0","ValueError"
"DS0004","DS1000","
import pandas as pd
import numpy as np
def f(df):
df['Qu1'] = df['Qu1'].map(lambda x: 'other' if pd.value_counts(df['Qu1']) < 2 else x)
df['Qu3'] = df['Qu3'].map(lambda x: 'other' if pd.value_counts(df['Qu3']) < 2 else x)
df = test_input
result = f(df)
","
<<<< [ERROR START] (dynamic: IndentationError)
import pandas as pd
[ERROR FINISH] (dynamic: IndentationError) >>>>
import numpy as np
def f(df):
<<<< [ERROR START] (ast: IndentationError)
df['Qu1'] = df['Qu1'].map(lambda x: 'other' if pd.value_counts(df['Qu1']) < 2 else x)
[ERROR FINISH] (ast: IndentationError) >>>>
df['Qu3'] = df['Qu3'].map(lambda x: 'other' if pd.value_counts(df['Qu3']) < 2 else x)
df = test_input
result = f(df)
","","False","5","IndentationError"
"160","MBPP","from typing import Optional

def find_solution(a: int, b: int, n: int) -> Optional[tuple]:
    # Check if a and b are coprime
    if gcd(a, b) != 1:
        return None
    
    # Extended Euclidean algorithm to find x and y
    def extended_gcd(x, y):
        if y == 0:
            return x, 1, 0
        gcd, x1, y1 = extended_gcd(y, x % y)
        x = y1
        y = x1 - (x // y) * y1
        return gcd, x, y
    
    gcd, x, y = extended_gcd(a, b)
    
    # If gcd is not 1, no solution exists
    if gcd != 1:
        return None
    
    # Scale the solution to match the equation ax + by = n
    k = n // gcd
    return (k * x, k * y)

# Helper function to calculate the greatest common divisor
def gcd(x, y):
    while y:
        x, y = y, x % y
    return x","<<<< [ERROR START] (dynamic: UnboundLocalError)
from typing import Optional
[ERROR FINISH] (dynamic: UnboundLocalError) >>>>

def find_solution(a: int, b: int, n: int) -> Optional[tuple]:
    # Check if a and b are coprime
    if gcd(a, b) != 1:
        return None
    
    # Extended Euclidean algorithm to find x and y
    def extended_gcd(x, y):
        if y == 0:
            return x, 1, 0
        gcd, x1, y1 = extended_gcd(y, x % y)
        x = y1
        y = x1 - (x // y) * y1
        return gcd, x, y
    
    gcd, x, y = extended_gcd(a, b)
    
    # If gcd is not 1, no solution exists
    if gcd != 1:
        return None
    
    # Scale the solution to match the equation ax + by = n
    k = n // gcd
    return (k * x, k * y)

# Helper function to calculate the greatest common divisor
def gcd(x, y):
    while y:
        x, y = y, x % y
    return x","","False","0","UnboundLocalError"
