dataset,task_id,ast_parsed,syntax_error,indentation_error,structural_error,error_type,line,message,structural_details
DS1000,DS0000,True,0,0,0,,,,[]
DS1000,DS0001,True,0,0,0,,,,[]
DS1000,DS0002,True,0,0,0,,,,[]
DS1000,DS0003,True,0,0,0,,,,[]
DS1000,DS0004,False,0,1,0,IndentationError,5.0,"expected an indented block after function definition on line 4 (<unknown>, line 5)",[]
DS1000,DS0005,True,0,0,0,,,,[]
DS1000,DS0006,True,0,0,0,,,,[]
DS1000,DS0007,True,0,0,0,,,,[]
DS1000,DS0008,True,0,0,0,,,,[]
DS1000,DS0009,True,0,0,0,,,,[]
DS1000,DS0010,True,0,0,0,,,,[]
DS1000,DS0011,True,0,0,0,,,,[]
DS1000,DS0012,False,0,1,0,IndentationError,5.0,"expected an indented block after function definition on line 4 (<unknown>, line 5)",[]
DS1000,DS0013,True,0,0,0,,,,[]
DS1000,DS0014,True,0,0,0,,,,[]
DS1000,DS0015,True,0,0,0,,,,[]
DS1000,DS0016,True,0,0,0,,,,[]
DS1000,DS0017,True,0,0,0,,,,[]
DS1000,DS0018,True,0,0,0,,,,[]
DS1000,DS0019,True,0,0,0,,,,[]
DS1000,DS0020,True,0,0,0,,,,[]
DS1000,DS0021,True,0,0,0,,,,[]
DS1000,DS0022,True,0,0,0,,,,[]
DS1000,DS0023,True,0,0,0,,,,[]
DS1000,DS0024,True,0,0,0,,,,[]
DS1000,DS0025,True,0,0,0,,,,[]
DS1000,DS0026,True,0,0,0,,,,[]
DS1000,DS0027,True,0,0,0,,,,[]
DS1000,DS0028,True,0,0,0,,,,[]
DS1000,DS0029,True,0,0,0,,,,[]
DS1000,DS0030,True,0,0,0,,,,[]
DS1000,DS0031,True,0,0,0,,,,[]
DS1000,DS0032,True,0,0,0,,,,[]
DS1000,DS0033,True,0,0,0,,,,[]
DS1000,DS0034,True,0,0,0,,,,[]
DS1000,DS0035,True,0,0,0,,,,[]
DS1000,DS0036,True,0,0,0,,,,[]
DS1000,DS0037,True,0,0,0,,,,[]
DS1000,DS0038,True,0,0,0,,,,[]
DS1000,DS0039,True,0,0,0,,,,[]
DS1000,DS0040,True,0,0,0,,,,[]
DS1000,DS0041,True,0,0,0,,,,[]
DS1000,DS0042,True,0,0,0,,,,[]
DS1000,DS0043,True,0,0,0,,,,[]
DS1000,DS0044,True,0,0,0,,,,[]
DS1000,DS0045,True,0,0,0,,,,[]
DS1000,DS0046,True,0,0,0,,,,[]
DS1000,DS0047,True,0,0,0,,,,[]
DS1000,DS0048,True,0,0,0,,,,[]
DS1000,DS0049,True,0,0,0,,,,[]
DS1000,DS0050,True,0,0,0,,,,[]
DS1000,DS0051,True,0,0,0,,,,[]
DS1000,DS0052,True,0,0,0,,,,[]
DS1000,DS0053,True,0,0,0,,,,[]
DS1000,DS0054,True,0,0,0,,,,[]
DS1000,DS0055,True,0,0,0,,,,[]
DS1000,DS0056,True,0,0,0,,,,[]
DS1000,DS0057,True,0,0,0,,,,[]
DS1000,DS0058,True,0,0,0,,,,[]
DS1000,DS0059,True,0,0,0,,,,[]
DS1000,DS0060,True,0,0,0,,,,[]
DS1000,DS0061,True,0,0,0,,,,[]
DS1000,DS0062,True,0,0,0,,,,[]
DS1000,DS0063,False,0,1,0,IndentationError,5.0,"expected an indented block after function definition on line 4 (<unknown>, line 5)",[]
DS1000,DS0064,True,0,0,0,,,,[]
DS1000,DS0065,True,0,0,0,,,,[]
DS1000,DS0066,True,0,0,0,,,,[]
DS1000,DS0067,True,0,0,0,,,,[]
DS1000,DS0068,True,0,0,0,,,,[]
DS1000,DS0069,True,0,0,0,,,,[]
DS1000,DS0070,False,0,1,0,IndentationError,5.0,"expected an indented block after function definition on line 4 (<unknown>, line 5)",[]
DS1000,DS0071,False,0,1,0,IndentationError,5.0,"expected an indented block after function definition on line 4 (<unknown>, line 5)",[]
DS1000,DS0072,False,0,1,0,IndentationError,5.0,"expected an indented block after function definition on line 4 (<unknown>, line 5)",[]
DS1000,DS0073,True,0,0,0,,,,[]
DS1000,DS0074,True,0,0,0,,,,[]
DS1000,DS0075,True,0,0,0,,,,[]
DS1000,DS0076,True,0,0,0,,,,[]
DS1000,DS0077,True,0,0,0,,,,[]
DS1000,DS0078,True,0,0,0,,,,[]
DS1000,DS0079,True,0,0,0,,,,[]
DS1000,DS0080,True,0,0,0,,,,[]
DS1000,DS0081,True,0,0,0,,,,[]
DS1000,DS0082,True,0,0,0,,,,[]
DS1000,DS0083,True,0,0,0,,,,[]
DS1000,DS0084,True,0,0,0,,,,[]
DS1000,DS0085,True,0,0,0,,,,[]
DS1000,DS0086,True,0,0,0,,,,[]
DS1000,DS0087,False,0,1,0,IndentationError,5.0,"expected an indented block after function definition on line 4 (<unknown>, line 5)",[]
DS1000,DS0088,True,0,0,0,,,,[]
DS1000,DS0089,True,0,0,0,,,,[]
DS1000,DS0090,True,0,0,0,,,,[]
DS1000,DS0091,True,0,0,0,,,,[]
DS1000,DS0092,True,0,0,0,,,,[]
DS1000,DS0093,False,0,1,0,IndentationError,5.0,"expected an indented block after function definition on line 4 (<unknown>, line 5)",[]
DS1000,DS0094,False,0,1,0,IndentationError,5.0,"expected an indented block after function definition on line 4 (<unknown>, line 5)",[]
DS1000,DS0095,True,0,0,0,,,,[]
DS1000,DS0096,True,0,0,0,,,,[]
DS1000,DS0097,True,0,0,0,,,,[]
DS1000,DS0098,True,0,0,0,,,,[]
DS1000,DS0099,False,1,0,0,SyntaxError,5.0,"closing parenthesis ']' does not match opening parenthesis '(' (<unknown>, line 5)",[]
DS1000,DS0100,True,0,0,0,,,,[]
DS1000,DS0101,True,0,0,0,,,,[]
DS1000,DS0102,False,0,1,0,IndentationError,5.0,"expected an indented block after function definition on line 4 (<unknown>, line 5)",[]
DS1000,DS0103,True,0,0,0,,,,[]
DS1000,DS0104,True,0,0,0,,,,[]
DS1000,DS0105,True,0,0,0,,,,[]
DS1000,DS0106,True,0,0,0,,,,[]
DS1000,DS0107,True,0,0,0,,,,[]
DS1000,DS0108,True,0,0,0,,,,[]
DS1000,DS0109,True,0,0,0,,,,[]
DS1000,DS0110,True,0,0,0,,,,[]
DS1000,DS0111,True,0,0,0,,,,[]
DS1000,DS0112,True,0,0,0,,,,[]
DS1000,DS0113,True,0,0,0,,,,[]
DS1000,DS0114,False,0,1,0,IndentationError,5.0,"expected an indented block after function definition on line 4 (<unknown>, line 5)",[]
DS1000,DS0115,True,0,0,0,,,,[]
DS1000,DS0116,True,0,0,0,,,,[]
DS1000,DS0117,True,0,0,0,,,,[]
DS1000,DS0118,True,0,0,0,,,,[]
DS1000,DS0119,True,0,0,0,,,,[]
DS1000,DS0120,False,0,1,0,IndentationError,7.0,"expected an indented block after function definition on line 6 (<unknown>, line 7)",[]
DS1000,DS0121,True,0,0,0,,,,[]
DS1000,DS0122,True,0,0,0,,,,[]
DS1000,DS0123,True,0,0,0,,,,[]
DS1000,DS0124,True,0,0,0,,,,[]
DS1000,DS0125,True,0,0,0,,,,[]
DS1000,DS0126,True,0,0,0,,,,[]
DS1000,DS0127,True,0,0,0,,,,[]
DS1000,DS0128,True,0,0,0,,,,[]
DS1000,DS0129,True,0,0,0,,,,[]
DS1000,DS0130,True,0,0,0,,,,[]
DS1000,DS0131,True,0,0,0,,,,[]
DS1000,DS0132,False,0,1,0,IndentationError,5.0,"expected an indented block after function definition on line 4 (<unknown>, line 5)",[]
DS1000,DS0133,True,0,0,0,,,,[]
DS1000,DS0134,True,0,0,0,,,,[]
DS1000,DS0135,True,0,0,0,,,,[]
DS1000,DS0136,True,0,0,0,,,,[]
DS1000,DS0137,True,0,0,0,,,,[]
DS1000,DS0138,True,0,0,0,,,,[]
DS1000,DS0139,True,0,0,0,,,,[]
DS1000,DS0140,True,0,0,0,,,,[]
DS1000,DS0141,True,0,0,0,,,,[]
DS1000,DS0142,True,0,0,0,,,,[]
DS1000,DS0143,True,0,0,0,,,,[]
DS1000,DS0144,True,0,0,0,,,,[]
DS1000,DS0145,True,0,0,0,,,,[]
DS1000,DS0146,True,0,0,0,,,,[]
DS1000,DS0147,True,0,0,0,,,,[]
DS1000,DS0148,True,0,0,0,,,,[]
DS1000,DS0149,True,0,0,0,,,,[]
DS1000,DS0150,True,0,0,0,,,,[]
DS1000,DS0151,True,0,0,0,,,,[]
DS1000,DS0152,True,0,0,0,,,,[]
DS1000,DS0153,True,0,0,0,,,,[]
DS1000,DS0154,True,0,0,0,,,,[]
DS1000,DS0155,True,0,0,0,,,,[]
DS1000,DS0156,True,0,0,0,,,,[]
DS1000,DS0157,True,0,0,0,,,,[]
DS1000,DS0158,True,0,0,0,,,,[]
DS1000,DS0159,True,0,0,0,,,,[]
DS1000,DS0160,True,0,0,0,,,,[]
DS1000,DS0161,True,0,0,0,,,,[]
DS1000,DS0162,True,0,0,0,,,,[]
DS1000,DS0163,True,0,0,0,,,,[]
DS1000,DS0164,True,0,0,0,,,,[]
DS1000,DS0165,True,0,0,0,,,,[]
DS1000,DS0166,True,0,0,0,,,,[]
DS1000,DS0167,True,0,0,0,,,,[]
DS1000,DS0168,True,0,0,0,,,,[]
DS1000,DS0169,True,0,0,0,,,,[]
DS1000,DS0170,True,0,0,0,,,,[]
DS1000,DS0171,True,0,0,0,,,,[]
DS1000,DS0172,True,0,0,0,,,,[]
DS1000,DS0173,True,0,0,0,,,,[]
DS1000,DS0174,True,0,0,0,,,,[]
DS1000,DS0175,True,0,0,0,,,,[]
DS1000,DS0176,True,0,0,0,,,,[]
DS1000,DS0177,True,0,0,0,,,,[]
DS1000,DS0178,True,0,0,0,,,,[]
DS1000,DS0179,True,0,0,0,,,,[]
DS1000,DS0180,True,0,0,0,,,,[]
DS1000,DS0181,True,0,0,0,,,,[]
DS1000,DS0182,True,0,0,0,,,,[]
DS1000,DS0183,False,0,1,0,IndentationError,5.0,"expected an indented block after function definition on line 4 (<unknown>, line 5)",[]
DS1000,DS0184,True,0,0,0,,,,[]
DS1000,DS0185,True,0,0,0,,,,[]
DS1000,DS0186,True,0,0,0,,,,[]
DS1000,DS0187,True,0,0,0,,,,[]
DS1000,DS0188,True,0,0,0,,,,[]
DS1000,DS0189,True,0,0,0,,,,[]
DS1000,DS0190,True,0,0,0,,,,[]
DS1000,DS0191,True,0,0,0,,,,[]
DS1000,DS0192,True,0,0,0,,,,[]
DS1000,DS0193,True,0,0,0,,,,[]
DS1000,DS0194,True,0,0,0,,,,[]
DS1000,DS0195,True,0,0,0,,,,[]
DS1000,DS0196,True,0,0,0,,,,[]
DS1000,DS0197,True,0,0,0,,,,[]
DS1000,DS0198,True,0,0,0,,,,[]
DS1000,DS0199,True,0,0,0,,,,[]
DS1000,DS0200,True,0,0,0,,,,[]
DS1000,DS0201,True,0,0,0,,,,[]
DS1000,DS0202,True,0,0,0,,,,[]
DS1000,DS0203,True,0,0,0,,,,[]
DS1000,DS0204,False,0,1,0,IndentationError,5.0,"expected an indented block after function definition on line 4 (<unknown>, line 5)",[]
DS1000,DS0205,True,0,0,0,,,,[]
DS1000,DS0206,True,0,0,0,,,,[]
DS1000,DS0207,True,0,0,0,,,,[]
DS1000,DS0208,True,0,0,0,,,,[]
DS1000,DS0209,True,0,0,0,,,,[]
DS1000,DS0210,True,0,0,0,,,,[]
DS1000,DS0211,True,0,0,0,,,,[]
DS1000,DS0212,True,0,0,0,,,,[]
DS1000,DS0213,True,0,0,0,,,,[]
DS1000,DS0214,True,0,0,0,,,,[]
DS1000,DS0215,True,0,0,0,,,,[]
DS1000,DS0216,True,0,0,0,,,,[]
DS1000,DS0217,True,0,0,0,,,,[]
DS1000,DS0218,True,0,0,0,,,,[]
DS1000,DS0219,True,0,0,0,,,,[]
DS1000,DS0220,True,0,0,0,,,,[]
DS1000,DS0221,True,0,0,0,,,,[]
DS1000,DS0222,False,0,1,0,IndentationError,5.0,"expected an indented block after function definition on line 4 (<unknown>, line 5)",[]
DS1000,DS0223,True,0,0,0,,,,[]
DS1000,DS0224,True,0,0,0,,,,[]
DS1000,DS0225,True,0,0,0,,,,[]
DS1000,DS0226,True,0,0,0,,,,[]
DS1000,DS0227,True,0,0,0,,,,[]
DS1000,DS0228,True,0,0,0,,,,[]
DS1000,DS0229,True,0,0,0,,,,[]
DS1000,DS0230,True,0,0,0,,,,[]
DS1000,DS0231,True,0,0,0,,,,[]
DS1000,DS0232,True,0,0,0,,,,[]
DS1000,DS0233,True,0,0,0,,,,[]
DS1000,DS0234,True,0,0,0,,,,[]
DS1000,DS0235,True,0,0,0,,,,[]
DS1000,DS0236,True,0,0,0,,,,[]
DS1000,DS0237,True,0,0,0,,,,[]
DS1000,DS0238,True,0,0,0,,,,[]
DS1000,DS0239,True,0,0,0,,,,[]
DS1000,DS0240,True,0,0,0,,,,[]
DS1000,DS0241,True,0,0,0,,,,[]
DS1000,DS0242,True,0,0,0,,,,[]
DS1000,DS0243,True,0,0,0,,,,[]
DS1000,DS0244,True,0,0,0,,,,[]
DS1000,DS0245,True,0,0,0,,,,[]
DS1000,DS0246,True,0,0,0,,,,[]
DS1000,DS0247,True,0,0,0,,,,[]
DS1000,DS0248,True,0,0,0,,,,[]
DS1000,DS0249,True,0,0,0,,,,[]
DS1000,DS0250,True,0,0,0,,,,[]
DS1000,DS0251,True,0,0,0,,,,[]
DS1000,DS0252,True,0,0,0,,,,[]
DS1000,DS0253,True,0,0,0,,,,[]
DS1000,DS0254,True,0,0,0,,,,[]
DS1000,DS0255,True,0,0,0,,,,[]
DS1000,DS0256,True,0,0,0,,,,[]
DS1000,DS0257,True,0,0,0,,,,[]
DS1000,DS0258,True,0,0,0,,,,[]
DS1000,DS0259,True,0,0,0,,,,[]
DS1000,DS0260,True,0,0,0,,,,[]
DS1000,DS0261,True,0,0,0,,,,[]
DS1000,DS0262,True,0,0,0,,,,[]
DS1000,DS0263,True,0,0,0,,,,[]
DS1000,DS0264,True,0,0,0,,,,[]
DS1000,DS0265,True,0,0,0,,,,[]
DS1000,DS0266,True,0,0,0,,,,[]
DS1000,DS0267,True,0,0,0,,,,[]
DS1000,DS0268,True,0,0,0,,,,[]
DS1000,DS0269,True,0,0,0,,,,[]
DS1000,DS0270,True,0,0,0,,,,[]
DS1000,DS0271,True,0,0,0,,,,[]
DS1000,DS0272,True,0,0,0,,,,[]
DS1000,DS0273,True,0,0,0,,,,[]
DS1000,DS0274,True,0,0,0,,,,[]
DS1000,DS0275,True,0,0,0,,,,[]
DS1000,DS0276,True,0,0,0,,,,[]
DS1000,DS0277,True,0,0,0,,,,[]
DS1000,DS0278,True,0,0,0,,,,[]
DS1000,DS0279,True,0,0,0,,,,[]
DS1000,DS0280,True,0,0,0,,,,[]
DS1000,DS0281,True,0,0,0,,,,[]
DS1000,DS0282,True,0,0,0,,,,[]
DS1000,DS0283,True,0,0,0,,,,[]
DS1000,DS0284,True,0,0,0,,,,[]
DS1000,DS0285,True,0,0,0,,,,[]
DS1000,DS0286,True,0,0,0,,,,[]
DS1000,DS0287,True,0,0,0,,,,[]
DS1000,DS0288,True,0,0,0,,,,[]
DS1000,DS0289,True,0,0,0,,,,[]
DS1000,DS0290,True,0,0,0,,,,[]
DS1000,DS0291,True,0,0,0,,,,[]
DS1000,DS0292,True,0,0,0,,,,[]
DS1000,DS0293,True,0,0,0,,,,[]
DS1000,DS0294,True,0,0,0,,,,[]
DS1000,DS0295,True,0,0,0,,,,[]
DS1000,DS0296,True,0,0,0,,,,[]
DS1000,DS0297,True,0,0,0,,,,[]
DS1000,DS0298,True,0,0,0,,,,[]
DS1000,DS0299,True,0,0,0,,,,[]
DS1000,DS0300,True,0,0,0,,,,[]
DS1000,DS0301,True,0,0,0,,,,[]
DS1000,DS0302,True,0,0,0,,,,[]
DS1000,DS0303,True,0,0,0,,,,[]
DS1000,DS0304,True,0,0,0,,,,[]
DS1000,DS0305,True,0,0,0,,,,[]
DS1000,DS0306,True,0,0,0,,,,[]
DS1000,DS0307,True,0,0,0,,,,[]
DS1000,DS0308,True,0,0,0,,,,[]
DS1000,DS0309,True,0,0,0,,,,[]
DS1000,DS0310,True,0,0,0,,,,[]
DS1000,DS0311,True,0,0,0,,,,[]
DS1000,DS0312,True,0,0,0,,,,[]
DS1000,DS0313,False,0,1,0,IndentationError,5.0,"expected an indented block after function definition on line 4 (<unknown>, line 5)",[]
DS1000,DS0314,True,0,0,0,,,,[]
DS1000,DS0315,True,0,0,0,,,,[]
DS1000,DS0316,True,0,0,0,,,,[]
DS1000,DS0317,True,0,0,0,,,,[]
DS1000,DS0318,True,0,0,0,,,,[]
DS1000,DS0319,True,0,0,0,,,,[]
DS1000,DS0320,True,0,0,0,,,,[]
DS1000,DS0321,True,0,0,0,,,,[]
DS1000,DS0322,True,0,0,0,,,,[]
DS1000,DS0323,True,0,0,0,,,,[]
DS1000,DS0324,True,0,0,0,,,,[]
DS1000,DS0325,True,0,0,0,,,,[]
DS1000,DS0326,True,0,0,0,,,,[]
DS1000,DS0327,True,0,0,0,,,,[]
DS1000,DS0328,True,0,0,0,,,,[]
DS1000,DS0329,True,0,0,0,,,,[]
DS1000,DS0330,False,0,1,0,IndentationError,5.0,"expected an indented block after function definition on line 4 (<unknown>, line 5)",[]
DS1000,DS0331,True,0,0,0,,,,[]
DS1000,DS0332,False,0,1,0,IndentationError,5.0,"expected an indented block after function definition on line 4 (<unknown>, line 5)",[]
DS1000,DS0333,True,0,0,0,,,,[]
DS1000,DS0334,True,0,0,0,,,,[]
DS1000,DS0335,True,0,0,0,,,,[]
DS1000,DS0336,True,0,0,0,,,,[]
DS1000,DS0337,True,0,0,0,,,,[]
DS1000,DS0338,True,0,0,0,,,,[]
DS1000,DS0339,True,0,0,0,,,,[]
DS1000,DS0340,True,0,0,0,,,,[]
DS1000,DS0341,True,0,0,0,,,,[]
DS1000,DS0342,False,0,1,0,IndentationError,5.0,"expected an indented block after function definition on line 4 (<unknown>, line 5)",[]
DS1000,DS0343,True,0,0,0,,,,[]
DS1000,DS0344,True,0,0,0,,,,[]
DS1000,DS0345,True,0,0,0,,,,[]
DS1000,DS0346,True,0,0,0,,,,[]
DS1000,DS0347,True,0,0,0,,,,[]
DS1000,DS0348,True,0,0,0,,,,[]
DS1000,DS0349,True,0,0,0,,,,[]
DS1000,DS0350,True,0,0,0,,,,[]
DS1000,DS0351,True,0,0,0,,,,[]
DS1000,DS0352,True,0,0,0,,,,[]
DS1000,DS0353,True,0,0,0,,,,[]
DS1000,DS0354,True,0,0,0,,,,[]
DS1000,DS0355,True,0,0,0,,,,[]
DS1000,DS0356,True,0,0,0,,,,[]
DS1000,DS0357,True,0,0,0,,,,[]
DS1000,DS0358,True,0,0,0,,,,[]
DS1000,DS0359,True,0,0,0,,,,[]
DS1000,DS0360,True,0,0,0,,,,[]
DS1000,DS0361,True,0,0,0,,,,[]
DS1000,DS0362,True,0,0,0,,,,[]
DS1000,DS0363,True,0,0,0,,,,[]
DS1000,DS0364,True,0,0,0,,,,[]
DS1000,DS0365,False,0,1,0,IndentationError,5.0,"expected an indented block after function definition on line 4 (<unknown>, line 5)",[]
DS1000,DS0366,True,0,0,0,,,,[]
DS1000,DS0367,True,0,0,0,,,,[]
DS1000,DS0368,True,0,0,0,,,,[]
DS1000,DS0369,True,0,0,0,,,,[]
DS1000,DS0370,False,0,1,0,IndentationError,5.0,"expected an indented block after function definition on line 4 (<unknown>, line 5)",[]
DS1000,DS0371,True,0,0,0,,,,[]
DS1000,DS0372,False,0,1,0,IndentationError,5.0,"expected an indented block after function definition on line 4 (<unknown>, line 5)",[]
DS1000,DS0373,True,0,0,0,,,,[]
DS1000,DS0374,True,0,0,0,,,,[]
DS1000,DS0375,True,0,0,0,,,,[]
DS1000,DS0376,True,0,0,0,,,,[]
DS1000,DS0377,True,0,0,0,,,,[]
DS1000,DS0378,True,0,0,0,,,,[]
DS1000,DS0379,True,0,0,0,,,,[]
DS1000,DS0380,True,0,0,0,,,,[]
DS1000,DS0381,True,0,0,0,,,,[]
DS1000,DS0382,True,0,0,0,,,,[]
DS1000,DS0383,True,0,0,0,,,,[]
DS1000,DS0384,True,0,0,0,,,,[]
DS1000,DS0385,True,0,0,0,,,,[]
DS1000,DS0386,True,0,0,0,,,,[]
DS1000,DS0387,True,0,0,0,,,,[]
DS1000,DS0388,True,0,0,0,,,,[]
DS1000,DS0389,True,0,0,0,,,,[]
DS1000,DS0390,True,0,0,0,,,,[]
DS1000,DS0391,True,0,0,0,,,,[]
DS1000,DS0392,True,0,0,0,,,,[]
DS1000,DS0393,True,0,0,0,,,,[]
DS1000,DS0394,True,0,0,0,,,,[]
DS1000,DS0395,True,0,0,0,,,,[]
DS1000,DS0396,True,0,0,0,,,,[]
DS1000,DS0397,False,0,1,0,IndentationError,5.0,"expected an indented block after function definition on line 4 (<unknown>, line 5)",[]
DS1000,DS0398,True,0,0,0,,,,[]
DS1000,DS0399,True,0,0,0,,,,[]
DS1000,DS0400,True,0,0,0,,,,[]
DS1000,DS0401,True,0,0,0,,,,[]
DS1000,DS0402,True,0,0,0,,,,[]
DS1000,DS0403,True,0,0,0,,,,[]
DS1000,DS0404,True,0,0,0,,,,[]
DS1000,DS0405,True,0,0,0,,,,[]
DS1000,DS0406,True,0,0,0,,,,[]
DS1000,DS0407,True,0,0,0,,,,[]
DS1000,DS0408,True,0,0,0,,,,[]
DS1000,DS0409,True,0,0,0,,,,[]
DS1000,DS0410,True,0,0,0,,,,[]
DS1000,DS0411,True,0,0,0,,,,[]
DS1000,DS0412,True,0,0,0,,,,[]
DS1000,DS0413,True,0,0,0,,,,[]
DS1000,DS0414,True,0,0,0,,,,[]
DS1000,DS0415,True,0,0,0,,,,[]
DS1000,DS0416,True,0,0,0,,,,[]
DS1000,DS0417,True,0,0,0,,,,[]
DS1000,DS0418,True,0,0,0,,,,[]
DS1000,DS0419,True,0,0,0,,,,[]
DS1000,DS0420,True,0,0,0,,,,[]
DS1000,DS0421,True,0,0,0,,,,[]
DS1000,DS0422,True,0,0,0,,,,[]
DS1000,DS0423,True,0,0,0,,,,[]
DS1000,DS0424,True,0,0,0,,,,[]
DS1000,DS0425,True,0,0,0,,,,[]
DS1000,DS0426,True,0,0,0,,,,[]
DS1000,DS0427,True,0,0,0,,,,[]
DS1000,DS0428,True,0,0,0,,,,[]
DS1000,DS0429,True,0,0,0,,,,[]
DS1000,DS0430,False,0,1,0,IndentationError,5.0,"expected an indented block after function definition on line 4 (<unknown>, line 5)",[]
DS1000,DS0431,True,0,0,0,,,,[]
DS1000,DS0432,True,0,0,0,,,,[]
DS1000,DS0433,True,0,0,0,,,,[]
DS1000,DS0434,True,0,0,0,,,,[]
DS1000,DS0435,True,0,0,0,,,,[]
DS1000,DS0436,True,0,0,0,,,,[]
DS1000,DS0437,True,0,0,0,,,,[]
DS1000,DS0438,True,0,0,0,,,,[]
DS1000,DS0439,True,0,0,0,,,,[]
DS1000,DS0440,True,0,0,0,,,,[]
DS1000,DS0441,True,0,0,0,,,,[]
DS1000,DS0442,True,0,0,0,,,,[]
DS1000,DS0443,True,0,0,0,,,,[]
DS1000,DS0444,True,0,0,0,,,,[]
DS1000,DS0445,True,0,0,0,,,,[]
DS1000,DS0446,True,0,0,0,,,,[]
DS1000,DS0447,False,0,1,0,IndentationError,6.0,"expected an indented block after function definition on line 5 (<unknown>, line 6)",[]
DS1000,DS0448,True,0,0,0,,,,[]
DS1000,DS0449,True,0,0,0,,,,[]
DS1000,DS0450,True,0,0,0,,,,[]
DS1000,DS0451,True,0,0,0,,,,[]
DS1000,DS0452,True,0,0,0,,,,[]
DS1000,DS0453,True,0,0,0,,,,[]
DS1000,DS0454,True,0,0,0,,,,[]
DS1000,DS0455,True,0,0,0,,,,[]
DS1000,DS0456,True,0,0,0,,,,[]
DS1000,DS0457,True,0,0,0,,,,[]
DS1000,DS0458,True,0,0,0,,,,[]
DS1000,DS0459,True,0,0,0,,,,[]
DS1000,DS0460,True,0,0,0,,,,[]
DS1000,DS0461,True,0,0,0,,,,[]
DS1000,DS0462,True,0,0,0,,,,[]
DS1000,DS0463,True,0,0,0,,,,[]
DS1000,DS0464,True,0,0,0,,,,[]
DS1000,DS0465,False,0,1,0,IndentationError,6.0,"expected an indented block after function definition on line 5 (<unknown>, line 6)",[]
DS1000,DS0466,True,0,0,0,,,,[]
DS1000,DS0467,True,0,0,0,,,,[]
DS1000,DS0468,True,0,0,0,,,,[]
DS1000,DS0469,True,0,0,0,,,,[]
DS1000,DS0470,False,0,1,0,IndentationError,5.0,"expected an indented block after function definition on line 4 (<unknown>, line 5)",[]
DS1000,DS0471,True,0,0,0,,,,[]
DS1000,DS0472,True,0,0,0,,,,[]
DS1000,DS0473,True,0,0,0,,,,[]
DS1000,DS0474,True,0,0,0,,,,[]
DS1000,DS0475,True,0,0,0,,,,[]
DS1000,DS0476,True,0,0,0,,,,[]
DS1000,DS0477,True,0,0,0,,,,[]
DS1000,DS0478,True,0,0,0,,,,[]
DS1000,DS0479,True,0,0,0,,,,[]
DS1000,DS0480,True,0,0,0,,,,[]
DS1000,DS0481,True,0,0,0,,,,[]
DS1000,DS0482,True,0,0,0,,,,[]
DS1000,DS0483,True,0,0,0,,,,[]
DS1000,DS0484,True,0,0,0,,,,[]
DS1000,DS0485,True,0,0,0,,,,[]
DS1000,DS0486,True,0,0,0,,,,[]
DS1000,DS0487,True,0,0,0,,,,[]
DS1000,DS0488,True,0,0,0,,,,[]
DS1000,DS0489,True,0,0,0,,,,[]
DS1000,DS0490,True,0,0,0,,,,[]
DS1000,DS0491,True,0,0,0,,,,[]
DS1000,DS0492,True,0,0,0,,,,[]
DS1000,DS0493,True,0,0,0,,,,[]
DS1000,DS0494,True,0,0,0,,,,[]
DS1000,DS0495,True,0,0,0,,,,[]
DS1000,DS0496,True,0,0,0,,,,[]
DS1000,DS0497,True,0,0,0,,,,[]
DS1000,DS0498,False,0,1,0,IndentationError,5.0,"expected an indented block after function definition on line 4 (<unknown>, line 5)",[]
DS1000,DS0499,True,0,0,0,,,,[]
DS1000,DS0500,True,0,0,0,,,,[]
DS1000,DS0501,True,0,0,0,,,,[]
DS1000,DS0502,True,0,0,0,,,,[]
DS1000,DS0503,True,0,0,0,,,,[]
DS1000,DS0504,True,0,0,0,,,,[]
DS1000,DS0505,True,0,0,0,,,,[]
DS1000,DS0506,True,0,0,0,,,,[]
DS1000,DS0507,True,0,0,0,,,,[]
DS1000,DS0508,True,0,0,0,,,,[]
DS1000,DS0509,True,0,0,0,,,,[]
DS1000,DS0510,True,0,0,0,,,,[]
DS1000,DS0511,True,0,0,0,,,,[]
DS1000,DS0512,True,0,0,0,,,,[]
DS1000,DS0513,True,0,0,0,,,,[]
DS1000,DS0514,True,0,0,0,,,,[]
DS1000,DS0515,True,0,0,0,,,,[]
DS1000,DS0516,True,0,0,0,,,,[]
DS1000,DS0517,True,0,0,0,,,,[]
DS1000,DS0518,True,0,0,0,,,,[]
DS1000,DS0519,True,0,0,0,,,,[]
DS1000,DS0520,True,0,0,0,,,,[]
DS1000,DS0521,True,0,0,0,,,,[]
DS1000,DS0522,True,0,0,0,,,,[]
DS1000,DS0523,True,0,0,0,,,,[]
DS1000,DS0524,True,0,0,0,,,,[]
DS1000,DS0525,True,0,0,0,,,,[]
DS1000,DS0526,True,0,0,0,,,,[]
DS1000,DS0527,True,0,0,0,,,,[]
DS1000,DS0528,True,0,0,0,,,,[]
DS1000,DS0529,True,0,0,0,,,,[]
DS1000,DS0530,True,0,0,0,,,,[]
DS1000,DS0531,True,0,0,0,,,,[]
DS1000,DS0532,True,0,0,0,,,,[]
DS1000,DS0533,True,0,0,0,,,,[]
DS1000,DS0534,True,0,0,0,,,,[]
DS1000,DS0535,True,0,0,0,,,,[]
DS1000,DS0536,True,0,0,0,,,,[]
DS1000,DS0537,True,0,0,0,,,,[]
DS1000,DS0538,True,0,0,0,,,,[]
DS1000,DS0539,True,0,0,0,,,,[]
DS1000,DS0540,True,0,0,0,,,,[]
DS1000,DS0541,True,0,0,0,,,,[]
DS1000,DS0542,True,0,0,0,,,,[]
DS1000,DS0543,True,0,0,0,,,,[]
DS1000,DS0544,True,0,0,0,,,,[]
DS1000,DS0545,True,0,0,0,,,,[]
DS1000,DS0546,True,0,0,0,,,,[]
DS1000,DS0547,True,0,0,0,,,,[]
DS1000,DS0548,True,0,0,0,,,,[]
DS1000,DS0549,True,0,0,0,,,,[]
DS1000,DS0550,True,0,0,0,,,,[]
DS1000,DS0551,True,0,0,0,,,,[]
DS1000,DS0552,True,0,0,0,,,,[]
DS1000,DS0553,True,0,0,0,,,,[]
DS1000,DS0554,True,0,0,0,,,,[]
DS1000,DS0555,True,0,0,0,,,,[]
DS1000,DS0556,True,0,0,0,,,,[]
DS1000,DS0557,True,0,0,0,,,,[]
DS1000,DS0558,True,0,0,0,,,,[]
DS1000,DS0559,True,0,0,0,,,,[]
DS1000,DS0560,True,0,0,0,,,,[]
DS1000,DS0561,True,0,0,0,,,,[]
DS1000,DS0562,True,0,0,0,,,,[]
DS1000,DS0563,True,0,0,0,,,,[]
DS1000,DS0564,True,0,0,0,,,,[]
DS1000,DS0565,True,0,0,0,,,,[]
DS1000,DS0566,True,0,0,0,,,,[]
DS1000,DS0567,True,0,0,0,,,,[]
DS1000,DS0568,True,0,0,0,,,,[]
DS1000,DS0569,True,0,0,0,,,,[]
DS1000,DS0570,True,0,0,0,,,,[]
DS1000,DS0571,True,0,0,0,,,,[]
DS1000,DS0572,True,0,0,0,,,,[]
DS1000,DS0573,True,0,0,0,,,,[]
DS1000,DS0574,True,0,0,0,,,,[]
DS1000,DS0575,True,0,0,0,,,,[]
DS1000,DS0576,True,0,0,0,,,,[]
DS1000,DS0577,True,0,0,0,,,,[]
DS1000,DS0578,True,0,0,0,,,,[]
DS1000,DS0579,True,0,0,0,,,,[]
DS1000,DS0580,True,0,0,0,,,,[]
DS1000,DS0581,True,0,0,0,,,,[]
DS1000,DS0582,True,0,0,0,,,,[]
DS1000,DS0583,True,0,0,0,,,,[]
DS1000,DS0584,True,0,0,0,,,,[]
DS1000,DS0585,True,0,0,0,,,,[]
DS1000,DS0586,True,0,0,0,,,,[]
DS1000,DS0587,True,0,0,0,,,,[]
DS1000,DS0588,True,0,0,0,,,,[]
DS1000,DS0589,True,0,0,0,,,,[]
DS1000,DS0590,True,0,0,0,,,,[]
DS1000,DS0591,True,0,0,0,,,,[]
DS1000,DS0592,True,0,0,0,,,,[]
DS1000,DS0593,True,0,0,0,,,,[]
DS1000,DS0594,True,0,0,0,,,,[]
DS1000,DS0595,True,0,0,0,,,,[]
DS1000,DS0596,True,0,0,0,,,,[]
DS1000,DS0597,True,0,0,0,,,,[]
DS1000,DS0598,True,0,0,0,,,,[]
DS1000,DS0599,True,0,0,0,,,,[]
DS1000,DS0600,True,0,0,0,,,,[]
DS1000,DS0601,True,0,0,0,,,,[]
DS1000,DS0602,True,0,0,0,,,,[]
DS1000,DS0603,True,0,0,0,,,,[]
DS1000,DS0604,True,0,0,0,,,,[]
DS1000,DS0605,True,0,0,0,,,,[]
DS1000,DS0606,True,0,0,0,,,,[]
DS1000,DS0607,True,0,0,0,,,,[]
DS1000,DS0608,True,0,0,0,,,,[]
DS1000,DS0609,True,0,0,0,,,,[]
DS1000,DS0610,True,0,0,0,,,,[]
DS1000,DS0611,True,0,0,0,,,,[]
DS1000,DS0612,True,0,0,0,,,,[]
DS1000,DS0613,True,0,0,0,,,,[]
DS1000,DS0614,True,0,0,0,,,,[]
DS1000,DS0615,True,0,0,0,,,,[]
DS1000,DS0616,True,0,0,0,,,,[]
DS1000,DS0617,True,0,0,0,,,,[]
DS1000,DS0618,True,0,0,0,,,,[]
DS1000,DS0619,True,0,0,0,,,,[]
DS1000,DS0620,True,0,0,0,,,,[]
DS1000,DS0621,True,0,0,0,,,,[]
DS1000,DS0622,True,0,0,0,,,,[]
DS1000,DS0623,True,0,0,0,,,,[]
DS1000,DS0624,True,0,0,0,,,,[]
DS1000,DS0625,True,0,0,0,,,,[]
DS1000,DS0626,True,0,0,0,,,,[]
DS1000,DS0627,True,0,0,0,,,,[]
DS1000,DS0628,True,0,0,0,,,,[]
DS1000,DS0629,True,0,0,0,,,,[]
DS1000,DS0630,True,0,0,0,,,,[]
DS1000,DS0631,True,0,0,0,,,,[]
DS1000,DS0632,True,0,0,0,,,,[]
DS1000,DS0633,True,0,0,0,,,,[]
DS1000,DS0634,True,0,0,0,,,,[]
DS1000,DS0635,True,0,0,0,,,,[]
DS1000,DS0636,True,0,0,0,,,,[]
DS1000,DS0637,True,0,0,0,,,,[]
DS1000,DS0638,True,0,0,0,,,,[]
DS1000,DS0639,True,0,0,0,,,,[]
DS1000,DS0640,True,0,0,0,,,,[]
DS1000,DS0641,True,0,0,0,,,,[]
DS1000,DS0642,True,0,0,0,,,,[]
DS1000,DS0643,True,0,0,0,,,,[]
DS1000,DS0644,True,0,0,0,,,,[]
DS1000,DS0645,True,0,0,0,,,,[]
DS1000,DS0646,True,0,0,0,,,,[]
DS1000,DS0647,True,0,0,0,,,,[]
DS1000,DS0648,True,0,0,0,,,,[]
DS1000,DS0649,True,0,0,0,,,,[]
DS1000,DS0650,True,0,0,0,,,,[]
DS1000,DS0651,True,0,0,0,,,,[]
DS1000,DS0652,True,0,0,0,,,,[]
DS1000,DS0653,True,0,0,0,,,,[]
DS1000,DS0654,True,0,0,0,,,,[]
DS1000,DS0655,True,0,0,0,,,,[]
DS1000,DS0656,True,0,0,0,,,,[]
DS1000,DS0657,True,0,0,0,,,,[]
DS1000,DS0658,True,0,0,0,,,,[]
DS1000,DS0659,True,0,0,0,,,,[]
DS1000,DS0660,True,0,0,0,,,,[]
DS1000,DS0661,True,0,0,0,,,,[]
DS1000,DS0662,True,0,0,0,,,,[]
DS1000,DS0663,True,0,0,0,,,,[]
DS1000,DS0664,True,0,0,0,,,,[]
DS1000,DS0665,True,0,0,0,,,,[]
DS1000,DS0666,True,0,0,0,,,,[]
DS1000,DS0667,True,0,0,0,,,,[]
DS1000,DS0668,True,0,0,0,,,,[]
DS1000,DS0669,True,0,0,0,,,,[]
DS1000,DS0670,True,0,0,0,,,,[]
DS1000,DS0671,False,0,1,0,IndentationError,5.0,"expected an indented block after function definition on line 4 (<unknown>, line 5)",[]
DS1000,DS0672,True,0,0,0,,,,[]
DS1000,DS0673,True,0,0,0,,,,[]
DS1000,DS0674,False,0,1,0,IndentationError,6.0,"expected an indented block after function definition on line 5 (<unknown>, line 6)",[]
DS1000,DS0675,True,0,0,0,,,,[]
DS1000,DS0676,True,0,0,0,,,,[]
DS1000,DS0677,True,0,0,0,,,,[]
DS1000,DS0678,False,0,1,0,IndentationError,5.0,"expected an indented block after function definition on line 4 (<unknown>, line 5)",[]
DS1000,DS0679,True,0,0,0,,,,[]
DS1000,DS0680,True,0,0,0,,,,[]
DS1000,DS0681,False,0,1,0,IndentationError,5.0,"expected an indented block after function definition on line 4 (<unknown>, line 5)",[]
DS1000,DS0682,True,0,0,0,,,,[]
DS1000,DS0683,True,0,0,0,,,,[]
DS1000,DS0684,True,0,0,0,,,,[]
DS1000,DS0685,True,0,0,0,,,,[]
DS1000,DS0686,True,0,0,0,,,,[]
DS1000,DS0687,True,0,0,0,,,,[]
DS1000,DS0688,True,0,0,0,,,,[]
DS1000,DS0689,True,0,0,0,,,,[]
DS1000,DS0690,False,0,1,0,IndentationError,5.0,"expected an indented block after function definition on line 4 (<unknown>, line 5)",[]
DS1000,DS0691,True,0,0,0,,,,[]
DS1000,DS0692,True,0,0,0,,,,[]
DS1000,DS0693,False,0,1,0,IndentationError,5.0,"expected an indented block after function definition on line 4 (<unknown>, line 5)",[]
DS1000,DS0694,True,0,0,0,,,,[]
DS1000,DS0695,True,0,0,0,,,,[]
DS1000,DS0696,True,0,0,0,,,,[]
DS1000,DS0697,False,0,1,0,IndentationError,5.0,"expected an indented block after function definition on line 4 (<unknown>, line 5)",[]
DS1000,DS0698,True,0,0,0,,,,[]
DS1000,DS0699,True,0,0,0,,,,[]
DS1000,DS0700,False,0,1,0,IndentationError,5.0,"expected an indented block after function definition on line 4 (<unknown>, line 5)",[]
DS1000,DS0701,True,0,0,0,,,,[]
DS1000,DS0702,True,0,0,0,,,,[]
DS1000,DS0703,True,0,0,0,,,,[]
DS1000,DS0704,False,0,1,0,IndentationError,5.0,"expected an indented block after function definition on line 4 (<unknown>, line 5)",[]
DS1000,DS0705,True,0,0,0,,,,[]
DS1000,DS0706,True,0,0,0,,,,[]
DS1000,DS0707,True,0,0,0,,,,[]
DS1000,DS0708,True,0,0,0,,,,[]
DS1000,DS0709,False,0,1,0,IndentationError,5.0,"expected an indented block after function definition on line 4 (<unknown>, line 5)",[]
DS1000,DS0710,True,0,0,0,,,,[]
DS1000,DS0711,True,0,0,0,,,,[]
DS1000,DS0712,True,0,0,0,,,,[]
DS1000,DS0713,True,0,0,0,,,,[]
DS1000,DS0714,True,0,0,0,,,,[]
DS1000,DS0715,True,0,0,0,,,,[]
DS1000,DS0716,True,0,0,0,,,,[]
DS1000,DS0717,True,0,0,0,,,,[]
DS1000,DS0718,True,0,0,0,,,,[]
DS1000,DS0719,True,0,0,0,,,,[]
DS1000,DS0720,True,0,0,0,,,,[]
DS1000,DS0721,True,0,0,0,,,,[]
DS1000,DS0722,True,0,0,0,,,,[]
DS1000,DS0723,False,0,1,0,IndentationError,6.0,"expected an indented block after function definition on line 5 (<unknown>, line 6)",[]
DS1000,DS0724,True,0,0,0,,,,[]
DS1000,DS0725,True,0,0,0,,,,[]
DS1000,DS0726,True,0,0,0,,,,[]
DS1000,DS0727,True,0,0,0,,,,[]
DS1000,DS0728,True,0,0,0,,,,[]
DS1000,DS0729,False,0,1,0,IndentationError,14.0,"expected an indented block after function definition on line 13 (<unknown>, line 14)",[]
DS1000,DS0730,True,0,0,0,,,,[]
DS1000,DS0731,True,0,0,0,,,,[]
DS1000,DS0732,True,0,0,0,,,,[]
DS1000,DS0733,True,0,0,0,,,,[]
DS1000,DS0734,True,0,0,0,,,,[]
DS1000,DS0735,True,0,0,0,,,,[]
DS1000,DS0736,True,0,0,0,,,,[]
DS1000,DS0737,True,0,0,0,,,,[]
DS1000,DS0738,True,0,0,0,,,,[]
DS1000,DS0739,True,0,0,0,,,,[]
DS1000,DS0740,True,0,0,0,,,,[]
DS1000,DS0741,True,0,0,0,,,,[]
DS1000,DS0742,False,0,1,0,IndentationError,5.0,"expected an indented block after function definition on line 4 (<unknown>, line 5)",[]
DS1000,DS0743,True,0,0,0,,,,[]
DS1000,DS0744,True,0,0,0,,,,[]
DS1000,DS0745,True,0,0,0,,,,[]
DS1000,DS0746,True,0,0,0,,,,[]
DS1000,DS0747,True,0,0,0,,,,[]
DS1000,DS0748,True,0,0,0,,,,[]
DS1000,DS0749,True,0,0,0,,,,[]
DS1000,DS0750,True,0,0,0,,,,[]
DS1000,DS0751,False,0,1,0,IndentationError,6.0,"expected an indented block after function definition on line 5 (<unknown>, line 6)",[]
DS1000,DS0752,True,0,0,0,,,,[]
DS1000,DS0753,True,0,0,0,,,,[]
DS1000,DS0754,True,0,0,0,,,,[]
DS1000,DS0755,True,0,0,0,,,,[]
DS1000,DS0756,True,0,0,0,,,,[]
DS1000,DS0757,True,0,0,0,,,,[]
DS1000,DS0758,True,0,0,0,,,,[]
DS1000,DS0759,True,0,0,0,,,,[]
DS1000,DS0760,False,0,1,0,IndentationError,5.0,"expected an indented block after function definition on line 4 (<unknown>, line 5)",[]
DS1000,DS0761,True,0,0,0,,,,[]
DS1000,DS0762,True,0,0,0,,,,[]
DS1000,DS0763,True,0,0,0,,,,[]
DS1000,DS0764,True,0,0,0,,,,[]
DS1000,DS0765,True,0,0,0,,,,[]
DS1000,DS0766,True,0,0,0,,,,[]
DS1000,DS0767,True,0,0,0,,,,[]
DS1000,DS0768,True,0,0,0,,,,[]
DS1000,DS0769,True,0,0,0,,,,[]
DS1000,DS0770,True,0,0,0,,,,[]
DS1000,DS0771,True,0,0,0,,,,[]
DS1000,DS0772,True,0,0,0,,,,[]
DS1000,DS0773,False,0,1,0,IndentationError,9.0,"expected an indented block after function definition on line 8 (<unknown>, line 9)",[]
DS1000,DS0774,True,0,0,0,,,,[]
DS1000,DS0775,True,0,0,0,,,,[]
DS1000,DS0776,True,0,0,0,,,,[]
DS1000,DS0777,True,0,0,0,,,,[]
DS1000,DS0778,True,0,0,0,,,,[]
DS1000,DS0779,True,0,0,0,,,,[]
DS1000,DS0780,True,0,0,0,,,,[]
DS1000,DS0781,True,0,0,0,,,,[]
DS1000,DS0782,True,0,0,0,,,,[]
DS1000,DS0783,True,0,0,0,,,,[]
DS1000,DS0784,False,0,1,0,IndentationError,6.0,"expected an indented block after function definition on line 5 (<unknown>, line 6)",[]
DS1000,DS0785,True,0,0,0,,,,[]
DS1000,DS0786,True,0,0,0,,,,[]
DS1000,DS0787,True,0,0,0,,,,[]
DS1000,DS0788,True,0,0,0,,,,[]
DS1000,DS0789,True,0,0,0,,,,[]
DS1000,DS0790,True,0,0,0,,,,[]
DS1000,DS0791,True,0,0,0,,,,[]
DS1000,DS0792,True,0,0,0,,,,[]
DS1000,DS0793,True,0,0,0,,,,[]
DS1000,DS0794,True,0,0,0,,,,[]
DS1000,DS0795,False,0,1,0,IndentationError,5.0,"expected an indented block after function definition on line 4 (<unknown>, line 5)",[]
DS1000,DS0796,True,0,0,0,,,,[]
DS1000,DS0797,True,0,0,0,,,,[]
DS1000,DS0798,True,0,0,0,,,,[]
DS1000,DS0799,True,0,0,0,,,,[]
DS1000,DS0800,True,0,0,0,,,,[]
DS1000,DS0801,True,0,0,0,,,,[]
DS1000,DS0802,True,0,0,0,,,,[]
DS1000,DS0803,True,0,0,0,,,,[]
DS1000,DS0804,True,0,0,0,,,,[]
DS1000,DS0805,True,0,0,0,,,,[]
DS1000,DS0806,True,0,0,0,,,,[]
DS1000,DS0807,True,0,0,0,,,,[]
DS1000,DS0808,True,0,0,0,,,,[]
DS1000,DS0809,True,0,0,0,,,,[]
DS1000,DS0810,True,0,0,0,,,,[]
DS1000,DS0811,True,0,0,0,,,,[]
DS1000,DS0812,True,0,0,0,,,,[]
DS1000,DS0813,True,0,0,0,,,,[]
DS1000,DS0814,True,0,0,0,,,,[]
DS1000,DS0815,True,0,0,0,,,,[]
DS1000,DS0816,True,0,0,0,,,,[]
DS1000,DS0817,True,0,0,0,,,,[]
DS1000,DS0818,True,0,0,0,,,,[]
DS1000,DS0819,True,0,0,0,,,,[]
DS1000,DS0820,False,0,1,0,IndentationError,7.0,"expected an indented block after function definition on line 6 (<unknown>, line 7)",[]
DS1000,DS0821,True,0,0,0,,,,[]
DS1000,DS0822,True,0,0,0,,,,[]
DS1000,DS0823,True,0,0,0,,,,[]
DS1000,DS0824,True,0,0,0,,,,[]
DS1000,DS0825,True,0,0,0,,,,[]
DS1000,DS0826,True,0,0,0,,,,[]
DS1000,DS0827,True,0,0,0,,,,[]
DS1000,DS0828,True,0,0,0,,,,[]
DS1000,DS0829,True,0,0,0,,,,[]
DS1000,DS0830,False,0,1,0,IndentationError,7.0,"expected an indented block after function definition on line 6 (<unknown>, line 7)",[]
DS1000,DS0831,True,0,0,0,,,,[]
DS1000,DS0832,True,0,0,0,,,,[]
DS1000,DS0833,True,0,0,0,,,,[]
DS1000,DS0834,True,0,0,0,,,,[]
DS1000,DS0835,True,0,0,0,,,,[]
DS1000,DS0836,True,0,0,0,,,,[]
DS1000,DS0837,True,0,0,0,,,,[]
DS1000,DS0838,True,0,0,0,,,,[]
DS1000,DS0839,True,0,0,0,,,,[]
DS1000,DS0840,True,0,0,0,,,,[]
DS1000,DS0841,True,0,0,0,,,,[]
DS1000,DS0842,False,0,1,0,IndentationError,10.0,"expected an indented block after function definition on line 9 (<unknown>, line 10)",[]
DS1000,DS0843,True,0,0,0,,,,[]
DS1000,DS0844,True,0,0,0,,,,[]
DS1000,DS0845,False,1,0,0,SyntaxError,6.0,"invalid syntax (<unknown>, line 6)",[]
DS1000,DS0846,True,0,0,0,,,,[]
DS1000,DS0847,True,0,0,0,,,,[]
DS1000,DS0848,True,0,0,0,,,,[]
DS1000,DS0849,True,0,0,0,,,,[]
DS1000,DS0850,True,0,0,0,,,,[]
DS1000,DS0851,True,0,0,0,,,,[]
DS1000,DS0852,True,0,0,0,,,,[]
DS1000,DS0853,True,0,0,0,,,,[]
DS1000,DS0854,True,0,0,0,,,,[]
DS1000,DS0855,True,0,0,0,,,,[]
DS1000,DS0856,True,0,0,0,,,,[]
DS1000,DS0857,True,0,0,0,,,,[]
DS1000,DS0858,True,0,0,0,,,,[]
DS1000,DS0859,True,0,0,0,,,,[]
DS1000,DS0860,True,0,0,0,,,,[]
DS1000,DS0861,True,0,0,0,,,,[]
DS1000,DS0862,True,0,0,0,,,,[]
DS1000,DS0863,True,0,0,0,,,,[]
DS1000,DS0864,True,0,0,0,,,,[]
DS1000,DS0865,False,0,1,0,IndentationError,8.0,"expected an indented block after function definition on line 7 (<unknown>, line 8)",[]
DS1000,DS0866,True,0,0,0,,,,[]
DS1000,DS0867,True,0,0,0,,,,[]
DS1000,DS0868,True,0,0,0,,,,[]
DS1000,DS0869,True,0,0,0,,,,[]
DS1000,DS0870,True,0,0,0,,,,[]
DS1000,DS0871,True,0,0,0,,,,[]
DS1000,DS0872,True,0,0,0,,,,[]
DS1000,DS0873,True,0,0,0,,,,[]
DS1000,DS0874,True,0,0,0,,,,[]
DS1000,DS0875,True,0,0,0,,,,[]
DS1000,DS0876,True,0,0,0,,,,[]
DS1000,DS0877,True,0,0,0,,,,[]
DS1000,DS0878,False,0,1,0,IndentationError,7.0,"expected an indented block after function definition on line 6 (<unknown>, line 7)",[]
DS1000,DS0879,True,0,0,0,,,,[]
DS1000,DS0880,True,0,0,0,,,,[]
DS1000,DS0881,True,0,0,0,,,,[]
DS1000,DS0882,True,0,0,0,,,,[]
DS1000,DS0883,True,0,0,0,,,,[]
DS1000,DS0884,True,0,0,0,,,,[]
DS1000,DS0885,True,0,0,0,,,,[]
DS1000,DS0886,True,0,0,0,,,,[]
DS1000,DS0887,True,0,0,0,,,,[]
DS1000,DS0888,True,0,0,0,,,,[]
DS1000,DS0889,True,0,0,0,,,,[]
DS1000,DS0890,True,0,0,0,,,,[]
DS1000,DS0891,True,0,0,0,,,,[]
DS1000,DS0892,True,0,0,0,,,,[]
DS1000,DS0893,True,0,0,0,,,,[]
DS1000,DS0894,True,0,0,0,,,,[]
DS1000,DS0895,True,0,0,0,,,,[]
DS1000,DS0896,False,0,1,0,IndentationError,6.0,"expected an indented block after function definition on line 5 (<unknown>, line 6)",[]
DS1000,DS0897,True,0,0,0,,,,[]
DS1000,DS0898,True,0,0,0,,,,[]
DS1000,DS0899,True,0,0,0,,,,[]
DS1000,DS0900,True,0,0,0,,,,[]
DS1000,DS0901,False,0,1,0,IndentationError,11.0,"expected an indented block after function definition on line 10 (<unknown>, line 11)",[]
DS1000,DS0902,True,0,0,0,,,,[]
DS1000,DS0903,True,0,0,0,,,,[]
DS1000,DS0904,True,0,0,0,,,,[]
DS1000,DS0905,True,0,0,0,,,,[]
DS1000,DS0906,True,0,0,0,,,,[]
DS1000,DS0907,True,0,0,0,,,,[]
DS1000,DS0908,True,0,0,0,,,,[]
DS1000,DS0909,True,0,0,0,,,,[]
DS1000,DS0910,False,0,1,0,IndentationError,7.0,"expected an indented block after function definition on line 6 (<unknown>, line 7)",[]
DS1000,DS0911,True,0,0,0,,,,[]
DS1000,DS0912,True,0,0,0,,,,[]
DS1000,DS0913,True,0,0,0,,,,[]
DS1000,DS0914,False,0,1,0,IndentationError,7.0,"expected an indented block after function definition on line 6 (<unknown>, line 7)",[]
DS1000,DS0915,True,0,0,0,,,,[]
DS1000,DS0916,True,0,0,0,,,,[]
DS1000,DS0917,True,0,0,0,,,,[]
DS1000,DS0918,True,0,0,0,,,,[]
DS1000,DS0919,True,0,0,0,,,,[]
DS1000,DS0920,True,0,0,0,,,,[]
DS1000,DS0921,True,0,0,0,,,,[]
DS1000,DS0922,True,0,0,0,,,,[]
DS1000,DS0923,False,0,1,0,IndentationError,7.0,"expected an indented block after function definition on line 6 (<unknown>, line 7)",[]
DS1000,DS0924,True,0,0,0,,,,[]
DS1000,DS0925,True,0,0,0,,,,[]
DS1000,DS0926,True,0,0,0,,,,[]
DS1000,DS0927,True,0,0,0,,,,[]
DS1000,DS0928,True,0,0,0,,,,[]
DS1000,DS0929,True,0,0,0,,,,[]
DS1000,DS0930,True,0,0,0,,,,[]
DS1000,DS0931,True,0,0,0,,,,[]
DS1000,DS0932,True,0,0,0,,,,[]
DS1000,DS0933,True,0,0,0,,,,[]
DS1000,DS0934,True,0,0,0,,,,[]
DS1000,DS0935,True,0,0,0,,,,[]
DS1000,DS0936,True,0,0,0,,,,[]
DS1000,DS0937,True,0,0,0,,,,[]
DS1000,DS0938,True,0,0,0,,,,[]
DS1000,DS0939,True,0,0,0,,,,[]
DS1000,DS0940,True,0,0,0,,,,[]
DS1000,DS0941,True,0,0,0,,,,[]
DS1000,DS0942,True,0,0,0,,,,[]
DS1000,DS0943,True,0,0,0,,,,[]
DS1000,DS0944,True,0,0,0,,,,[]
DS1000,DS0945,False,0,1,0,IndentationError,7.0,"expected an indented block after function definition on line 6 (<unknown>, line 7)",[]
DS1000,DS0946,True,0,0,0,,,,[]
DS1000,DS0947,True,0,0,0,,,,[]
DS1000,DS0948,True,0,0,0,,,,[]
DS1000,DS0949,True,0,0,0,,,,[]
DS1000,DS0950,False,0,1,0,IndentationError,7.0,"expected an indented block after function definition on line 6 (<unknown>, line 7)",[]
DS1000,DS0951,True,0,0,0,,,,[]
DS1000,DS0952,True,0,0,0,,,,[]
DS1000,DS0953,True,0,0,0,,,,[]
DS1000,DS0954,False,0,1,0,IndentationError,7.0,"expected an indented block after function definition on line 6 (<unknown>, line 7)",[]
DS1000,DS0955,True,0,0,0,,,,[]
DS1000,DS0956,False,0,1,0,IndentationError,7.0,"expected an indented block after function definition on line 6 (<unknown>, line 7)",[]
DS1000,DS0957,True,0,0,0,,,,[]
DS1000,DS0958,True,0,0,0,,,,[]
DS1000,DS0959,False,0,1,0,IndentationError,7.0,"expected an indented block after function definition on line 6 (<unknown>, line 7)",[]
DS1000,DS0960,True,0,0,0,,,,[]
DS1000,DS0961,True,0,0,0,,,,[]
DS1000,DS0962,True,0,0,0,,,,[]
DS1000,DS0963,True,0,0,0,,,,[]
DS1000,DS0964,True,0,0,0,,,,[]
DS1000,DS0965,True,0,0,0,,,,[]
DS1000,DS0966,False,0,1,0,IndentationError,7.0,"expected an indented block after function definition on line 6 (<unknown>, line 7)",[]
DS1000,DS0967,True,0,0,0,,,,[]
DS1000,DS0968,True,0,0,0,,,,[]
DS1000,DS0969,True,0,0,0,,,,[]
DS1000,DS0970,True,0,0,0,,,,[]
DS1000,DS0971,True,0,0,0,,,,[]
DS1000,DS0972,True,0,0,0,,,,[]
DS1000,DS0973,True,0,0,0,,,,[]
DS1000,DS0974,True,0,0,0,,,,[]
DS1000,DS0975,True,0,0,0,,,,[]
DS1000,DS0976,True,0,0,0,,,,[]
DS1000,DS0977,False,0,1,0,IndentationError,7.0,"expected an indented block after function definition on line 6 (<unknown>, line 7)",[]
DS1000,DS0978,False,0,1,0,IndentationError,7.0,"expected an indented block after function definition on line 6 (<unknown>, line 7)",[]
DS1000,DS0979,True,0,0,0,,,,[]
DS1000,DS0980,True,0,0,0,,,,[]
DS1000,DS0981,True,0,0,0,,,,[]
DS1000,DS0982,True,0,0,0,,,,[]
DS1000,DS0983,False,0,1,0,IndentationError,7.0,"expected an indented block after function definition on line 6 (<unknown>, line 7)",[]
DS1000,DS0984,True,0,0,0,,,,[]
DS1000,DS0985,True,0,0,0,,,,[]
DS1000,DS0986,True,0,0,0,,,,[]
DS1000,DS0987,True,0,0,0,,,,[]
DS1000,DS0988,True,0,0,0,,,,[]
DS1000,DS0989,True,0,0,0,,,,[]
DS1000,DS0990,True,0,0,0,,,,[]
DS1000,DS0991,True,0,0,0,,,,[]
DS1000,DS0992,False,0,1,0,IndentationError,7.0,"expected an indented block after function definition on line 6 (<unknown>, line 7)",[]
DS1000,DS0993,True,0,0,0,,,,[]
DS1000,DS0994,True,0,0,0,,,,[]
DS1000,DS0995,False,0,1,0,IndentationError,7.0,"expected an indented block after function definition on line 6 (<unknown>, line 7)",[]
DS1000,DS0996,True,0,0,0,,,,[]
DS1000,DS0997,True,0,0,0,,,,[]
DS1000,DS0998,True,0,0,0,,,,[]
DS1000,DS0999,True,0,0,0,,,,[]
HumanEval,HumanEval/0,True,0,0,0,,,,[]
HumanEval,HumanEval/1,True,0,0,0,,,,[]
HumanEval,HumanEval/2,True,0,0,0,,,,[]
HumanEval,HumanEval/3,True,0,0,0,,,,[]
HumanEval,HumanEval/4,True,0,0,0,,,,[]
HumanEval,HumanEval/5,True,0,0,0,,,,[]
HumanEval,HumanEval/6,True,0,0,0,,,,[]
HumanEval,HumanEval/7,True,0,0,0,,,,[]
HumanEval,HumanEval/8,True,0,0,0,,,,[]
HumanEval,HumanEval/9,True,0,0,0,,,,[]
HumanEval,HumanEval/10,True,0,0,0,,,,[]
HumanEval,HumanEval/11,True,0,0,0,,,,[]
HumanEval,HumanEval/12,True,0,0,0,,,,[]
HumanEval,HumanEval/13,True,0,0,0,,,,[]
HumanEval,HumanEval/14,True,0,0,0,,,,[]
HumanEval,HumanEval/15,True,0,0,0,,,,[]
HumanEval,HumanEval/16,True,0,0,0,,,,[]
HumanEval,HumanEval/17,True,0,0,0,,,,[]
HumanEval,HumanEval/18,True,0,0,0,,,,[]
HumanEval,HumanEval/19,True,0,0,0,,,,[]
HumanEval,HumanEval/20,True,0,0,0,,,,[]
HumanEval,HumanEval/21,True,0,0,0,,,,[]
HumanEval,HumanEval/22,True,0,0,0,,,,[]
HumanEval,HumanEval/23,True,0,0,0,,,,[]
HumanEval,HumanEval/24,True,0,0,0,,,,[]
HumanEval,HumanEval/25,True,0,0,0,,,,[]
HumanEval,HumanEval/26,True,0,0,0,,,,[]
HumanEval,HumanEval/27,True,0,0,0,,,,[]
HumanEval,HumanEval/28,True,0,0,0,,,,[]
HumanEval,HumanEval/29,True,0,0,0,,,,[]
HumanEval,HumanEval/30,True,0,0,0,,,,[]
HumanEval,HumanEval/31,True,0,0,0,,,,[]
HumanEval,HumanEval/32,True,0,0,0,,,,[]
HumanEval,HumanEval/33,True,0,0,0,,,,[]
HumanEval,HumanEval/34,True,0,0,0,,,,[]
HumanEval,HumanEval/35,True,0,0,0,,,,[]
HumanEval,HumanEval/36,True,0,0,0,,,,[]
HumanEval,HumanEval/37,True,0,0,0,,,,[]
HumanEval,HumanEval/38,True,0,0,0,,,,[]
HumanEval,HumanEval/39,True,0,0,0,,,,[]
HumanEval,HumanEval/40,True,0,0,0,,,,[]
HumanEval,HumanEval/41,True,0,0,0,,,,[]
HumanEval,HumanEval/42,True,0,0,0,,,,[]
HumanEval,HumanEval/43,True,0,0,0,,,,[]
HumanEval,HumanEval/44,True,0,0,0,,,,[]
HumanEval,HumanEval/45,True,0,0,0,,,,[]
HumanEval,HumanEval/46,True,0,0,0,,,,[]
HumanEval,HumanEval/47,True,0,0,0,,,,[]
HumanEval,HumanEval/48,True,0,0,0,,,,[]
HumanEval,HumanEval/49,True,0,0,0,,,,[]
HumanEval,HumanEval/100,True,0,0,0,,,,[]
HumanEval,HumanEval/101,True,0,0,0,,,,[]
HumanEval,HumanEval/102,True,0,0,0,,,,[]
HumanEval,HumanEval/103,True,0,0,0,,,,[]
HumanEval,HumanEval/104,True,0,0,0,,,,[]
HumanEval,HumanEval/105,True,0,0,0,,,,[]
HumanEval,HumanEval/106,True,0,0,0,,,,[]
HumanEval,HumanEval/107,True,0,0,0,,,,[]
HumanEval,HumanEval/108,True,0,0,0,,,,[]
HumanEval,HumanEval/109,True,0,0,0,,,,[]
HumanEval,HumanEval/110,True,0,0,0,,,,[]
HumanEval,HumanEval/111,True,0,0,0,,,,[]
HumanEval,HumanEval/112,True,0,0,0,,,,[]
HumanEval,HumanEval/113,True,0,0,0,,,,[]
HumanEval,HumanEval/114,True,0,0,0,,,,[]
HumanEval,HumanEval/115,True,0,0,0,,,,[]
HumanEval,HumanEval/116,True,0,0,0,,,,[]
HumanEval,HumanEval/117,True,0,0,0,,,,[]
HumanEval,HumanEval/118,True,0,0,0,,,,[]
HumanEval,HumanEval/119,True,0,0,0,,,,[]
HumanEval,HumanEval/120,True,0,0,0,,,,[]
HumanEval,HumanEval/121,True,0,0,0,,,,[]
HumanEval,HumanEval/122,True,0,0,0,,,,[]
HumanEval,HumanEval/123,True,0,0,0,,,,[]
HumanEval,HumanEval/124,True,0,0,0,,,,[]
HumanEval,HumanEval/125,True,0,0,0,,,,[]
HumanEval,HumanEval/126,False,1,0,0,SyntaxError,15.0,"invalid non-printable character U+009E (<unknown>, line 15)",[]
HumanEval,HumanEval/127,True,0,0,0,,,,[]
HumanEval,HumanEval/128,True,0,0,0,,,,[]
HumanEval,HumanEval/129,True,0,0,0,,,,[]
HumanEval,HumanEval/130,True,0,0,0,,,,[]
HumanEval,HumanEval/131,True,0,0,0,,,,[]
HumanEval,HumanEval/132,False,1,0,0,SyntaxError,17.0,"invalid non-printable character U+009E (<unknown>, line 17)",[]
HumanEval,HumanEval/133,True,0,0,0,,,,[]
HumanEval,HumanEval/134,True,0,0,0,,,,[]
HumanEval,HumanEval/135,True,0,0,0,,,,[]
HumanEval,HumanEval/136,True,0,0,0,,,,[]
HumanEval,HumanEval/137,False,1,0,0,SyntaxError,19.0,"invalid non-printable character U+009E (<unknown>, line 19)",[]
HumanEval,HumanEval/138,True,0,0,0,,,,[]
HumanEval,HumanEval/139,True,0,0,0,,,,[]
HumanEval,HumanEval/140,True,0,0,0,,,,[]
HumanEval,HumanEval/141,True,0,0,0,,,,[]
HumanEval,HumanEval/142,True,0,0,0,,,,[]
HumanEval,HumanEval/143,True,0,0,0,,,,[]
HumanEval,HumanEval/144,True,0,0,0,,,,[]
HumanEval,HumanEval/145,True,0,0,0,,,,[]
HumanEval,HumanEval/146,True,0,0,0,,,,[]
HumanEval,HumanEval/147,True,0,0,0,,,,[]
HumanEval,HumanEval/148,True,0,0,0,,,,[]
HumanEval,HumanEval/149,True,0,0,0,,,,[]
HumanEval,HumanEval/150,True,0,0,0,,,,[]
HumanEval,HumanEval/151,True,0,0,0,,,,[]
HumanEval,HumanEval/152,True,0,0,0,,,,[]
HumanEval,HumanEval/153,True,0,0,0,,,,[]
HumanEval,HumanEval/154,True,0,0,0,,,,[]
HumanEval,HumanEval/155,True,0,0,0,,,,[]
HumanEval,HumanEval/156,True,0,0,0,,,,[]
HumanEval,HumanEval/157,True,0,0,0,,,,[]
HumanEval,HumanEval/158,True,0,0,0,,,,[]
HumanEval,HumanEval/159,True,0,0,0,,,,[]
HumanEval,HumanEval/160,True,0,0,0,,,,[]
HumanEval,HumanEval/161,True,0,0,0,,,,[]
HumanEval,HumanEval/162,True,0,0,0,,,,[]
HumanEval,HumanEval/163,True,0,0,0,,,,[]
HumanEval,HumanEval/50,True,0,0,0,,,,[]
HumanEval,HumanEval/51,True,0,0,0,,,,[]
HumanEval,HumanEval/52,True,0,0,0,,,,[]
HumanEval,HumanEval/53,True,0,0,0,,,,[]
HumanEval,HumanEval/54,True,0,0,0,,,,[]
HumanEval,HumanEval/55,True,0,0,0,,,,[]
HumanEval,HumanEval/56,True,0,0,0,,,,[]
HumanEval,HumanEval/57,True,0,0,0,,,,[]
HumanEval,HumanEval/58,True,0,0,0,,,,[]
HumanEval,HumanEval/59,True,0,0,0,,,,[]
HumanEval,HumanEval/60,True,0,0,0,,,,[]
HumanEval,HumanEval/61,True,0,0,0,,,,[]
HumanEval,HumanEval/62,True,0,0,0,,,,[]
HumanEval,HumanEval/63,True,0,0,0,,,,[]
HumanEval,HumanEval/64,True,0,0,0,,,,[]
HumanEval,HumanEval/65,True,0,0,0,,,,[]
HumanEval,HumanEval/66,True,0,0,0,,,,[]
HumanEval,HumanEval/67,True,0,0,0,,,,[]
HumanEval,HumanEval/68,True,0,0,0,,,,[]
HumanEval,HumanEval/69,True,0,0,0,,,,[]
HumanEval,HumanEval/70,True,0,0,0,,,,[]
HumanEval,HumanEval/71,True,0,0,0,,,,[]
HumanEval,HumanEval/72,True,0,0,0,,,,[]
HumanEval,HumanEval/73,True,0,0,0,,,,[]
HumanEval,HumanEval/74,True,0,0,0,,,,[]
HumanEval,HumanEval/75,True,0,0,0,,,,[]
HumanEval,HumanEval/76,True,0,0,0,,,,[]
HumanEval,HumanEval/77,True,0,0,0,,,,[]
HumanEval,HumanEval/78,True,0,0,0,,,,[]
HumanEval,HumanEval/79,True,0,0,0,,,,[]
HumanEval,HumanEval/80,True,0,0,0,,,,[]
HumanEval,HumanEval/81,True,0,0,0,,,,[]
HumanEval,HumanEval/82,True,0,0,0,,,,[]
HumanEval,HumanEval/83,True,0,0,0,,,,[]
HumanEval,HumanEval/84,True,0,0,0,,,,[]
HumanEval,HumanEval/85,True,0,0,0,,,,[]
HumanEval,HumanEval/86,True,0,0,0,,,,[]
HumanEval,HumanEval/87,True,0,0,0,,,,[]
HumanEval,HumanEval/88,True,0,0,0,,,,[]
HumanEval,HumanEval/89,True,0,0,0,,,,[]
HumanEval,HumanEval/90,True,0,0,0,,,,[]
HumanEval,HumanEval/91,True,0,0,0,,,,[]
HumanEval,HumanEval/92,True,0,0,0,,,,[]
HumanEval,HumanEval/93,True,0,0,0,,,,[]
HumanEval,HumanEval/94,True,0,0,0,,,,[]
HumanEval,HumanEval/95,True,0,0,0,,,,[]
HumanEval,HumanEval/96,True,0,0,0,,,,[]
HumanEval,HumanEval/97,True,0,0,0,,,,[]
HumanEval,HumanEval/98,True,0,0,0,,,,[]
HumanEval,HumanEval/99,True,0,0,0,,,,[]
MBPP,602,True,0,0,0,,,,[]
MBPP,603,True,0,0,0,,,,[]
MBPP,604,True,0,0,0,,,,[]
MBPP,605,True,0,0,0,,,,[]
MBPP,606,True,0,0,0,,,,[]
MBPP,607,True,0,0,0,,,,[]
MBPP,608,True,0,0,0,,,,[]
MBPP,610,True,0,0,0,,,,[]
MBPP,611,True,0,0,0,,,,[]
MBPP,612,True,0,0,0,,,,[]
MBPP,614,True,0,0,0,,,,[]
MBPP,615,True,0,0,0,,,,[]
MBPP,616,True,0,0,0,,,,[]
MBPP,617,True,0,0,0,,,,[]
MBPP,618,True,0,0,0,,,,[]
MBPP,619,True,0,0,0,,,,[]
MBPP,620,True,0,0,0,,,,[]
MBPP,622,True,0,0,0,,,,[]
MBPP,623,True,0,0,0,,,,[]
MBPP,624,True,0,0,0,,,,[]
MBPP,625,True,0,0,0,,,,[]
MBPP,626,True,0,0,0,,,,[]
MBPP,627,True,0,0,0,,,,[]
MBPP,628,True,0,0,0,,,,[]
MBPP,629,True,0,0,0,,,,[]
MBPP,630,True,0,0,0,,,,[]
MBPP,631,True,0,0,0,,,,[]
MBPP,632,True,0,0,0,,,,[]
MBPP,633,True,0,0,0,,,,[]
MBPP,635,True,0,0,0,,,,[]
MBPP,637,True,0,0,0,,,,[]
MBPP,638,True,0,0,0,,,,[]
MBPP,639,True,0,0,0,,,,[]
MBPP,640,True,0,0,0,,,,[]
MBPP,641,True,0,0,0,,,,[]
MBPP,643,False,1,0,0,SyntaxError,31.0,"unterminated string literal (detected at line 31) (<unknown>, line 31)",[]
MBPP,644,True,0,0,0,,,,[]
MBPP,720,True,0,0,0,,,,[]
MBPP,721,True,0,0,0,,,,[]
MBPP,722,True,0,0,0,,,,[]
MBPP,723,True,0,0,0,,,,[]
MBPP,724,True,0,0,0,,,,[]
MBPP,725,True,0,0,0,,,,[]
MBPP,726,True,0,0,0,,,,[]
MBPP,728,True,0,0,0,,,,[]
MBPP,730,True,0,0,0,,,,[]
MBPP,731,True,0,0,0,,,,[]
MBPP,732,True,0,0,0,,,,[]
MBPP,733,True,0,0,0,,,,[]
MBPP,734,True,0,0,0,,,,[]
MBPP,788,True,0,0,0,,,,[]
MBPP,790,True,0,0,0,,,,[]
MBPP,791,True,0,0,0,,,,[]
MBPP,792,True,0,0,0,,,,[]
MBPP,793,True,0,0,0,,,,[]
MBPP,794,True,0,0,0,,,,[]
MBPP,796,True,0,0,0,,,,[]
MBPP,797,True,0,0,0,,,,[]
MBPP,798,True,0,0,0,,,,[]
MBPP,799,True,0,0,0,,,,[]
MBPP,800,True,0,0,0,,,,[]
MBPP,801,True,0,0,0,,,,[]
MBPP,802,True,0,0,0,,,,[]
MBPP,803,True,0,0,0,,,,[]
MBPP,804,True,0,0,0,,,,[]
MBPP,805,True,0,0,0,,,,[]
MBPP,806,True,0,0,0,,,,[]
MBPP,807,True,0,0,0,,,,[]
MBPP,808,True,0,0,0,,,,[]
MBPP,809,True,0,0,0,,,,[]
MBPP,735,True,0,0,0,,,,[]
MBPP,736,True,0,0,0,,,,[]
MBPP,737,True,0,0,0,,,,[]
MBPP,738,True,0,0,0,,,,[]
MBPP,739,True,0,0,0,,,,[]
MBPP,740,True,0,0,0,,,,[]
MBPP,741,True,0,0,0,,,,[]
MBPP,742,True,0,0,0,,,,[]
MBPP,743,True,0,0,0,,,,[]
MBPP,744,True,0,0,0,,,,[]
MBPP,745,True,0,0,0,,,,[]
MBPP,746,True,0,0,0,,,,[]
MBPP,747,True,0,0,0,,,,[]
MBPP,748,True,0,0,0,,,,[]
MBPP,749,True,0,0,0,,,,[]
MBPP,750,True,0,0,0,,,,[]
MBPP,751,True,0,0,0,,,,[]
MBPP,752,True,0,0,0,,,,[]
MBPP,753,True,0,0,0,,,,[]
MBPP,754,True,0,0,0,,,,[]
MBPP,755,True,0,0,0,,,,[]
MBPP,756,True,0,0,0,,,,[]
MBPP,757,True,0,0,0,,,,[]
MBPP,758,True,0,0,0,,,,[]
MBPP,759,True,0,0,0,,,,[]
MBPP,760,True,0,0,0,,,,[]
MBPP,762,True,0,0,0,,,,[]
MBPP,763,True,0,0,0,,,,[]
MBPP,764,True,0,0,0,,,,[]
MBPP,765,True,0,0,0,,,,[]
MBPP,766,True,0,0,0,,,,[]
MBPP,767,True,0,0,0,,,,[]
MBPP,769,True,0,0,0,,,,[]
MBPP,770,True,0,0,0,,,,[]
MBPP,771,False,1,0,0,SyntaxError,46.0,"unterminated string literal (detected at line 46) (<unknown>, line 46)",[]
MBPP,772,True,0,0,0,,,,[]
MBPP,773,True,0,0,0,,,,[]
MBPP,775,True,0,0,0,,,,[]
MBPP,776,True,0,0,0,,,,[]
MBPP,777,True,0,0,0,,,,[]
MBPP,778,True,0,0,0,,,,[]
MBPP,779,True,0,0,0,,,,[]
MBPP,780,True,0,0,0,,,,[]
MBPP,781,True,0,0,0,,,,[]
MBPP,782,True,0,0,0,,,,[]
MBPP,783,True,0,0,0,,,,[]
MBPP,784,True,0,0,0,,,,[]
MBPP,785,True,0,0,0,,,,[]
MBPP,786,True,0,0,0,,,,[]
MBPP,787,True,0,0,0,,,,[]
MBPP,11,True,0,0,0,,,,[]
MBPP,12,True,0,0,0,,,,[]
MBPP,14,True,0,0,0,,,,[]
MBPP,16,True,0,0,0,,,,[]
MBPP,17,True,0,0,0,,,,[]
MBPP,18,True,0,0,0,,,,[]
MBPP,19,True,0,0,0,,,,[]
MBPP,20,True,0,0,0,,,,[]
MBPP,56,True,0,0,0,,,,[]
MBPP,57,True,0,0,0,,,,[]
MBPP,58,True,0,0,0,,,,[]
MBPP,59,True,0,0,0,,,,[]
MBPP,61,True,0,0,0,,,,[]
MBPP,62,True,0,0,0,,,,[]
MBPP,63,True,0,0,0,,,,[]
MBPP,64,True,0,0,0,,,,[]
MBPP,65,True,0,0,0,,,,[]
MBPP,66,True,0,0,0,,,,[]
MBPP,67,True,0,0,0,,,,[]
MBPP,68,True,0,0,0,,,,[]
MBPP,69,True,0,0,0,,,,[]
MBPP,70,True,0,0,0,,,,[]
MBPP,71,True,0,0,0,,,,[]
MBPP,72,True,0,0,0,,,,[]
MBPP,74,True,0,0,0,,,,[]
MBPP,75,True,0,0,0,,,,[]
MBPP,77,True,0,0,0,,,,[]
MBPP,79,True,0,0,0,,,,[]
MBPP,80,True,0,0,0,,,,[]
MBPP,82,True,0,0,0,,,,[]
MBPP,83,True,0,0,0,,,,[]
MBPP,84,True,0,0,0,,,,[]
MBPP,85,True,0,0,0,,,,[]
MBPP,86,True,0,0,0,,,,[]
MBPP,87,True,0,0,0,,,,[]
MBPP,88,True,0,0,0,,,,[]
MBPP,89,True,0,0,0,,,,[]
MBPP,90,True,0,0,0,,,,[]
MBPP,91,True,0,0,0,,,,[]
MBPP,92,True,0,0,0,,,,[]
MBPP,93,True,0,0,0,,,,[]
MBPP,94,True,0,0,0,,,,[]
MBPP,95,True,0,0,0,,,,[]
MBPP,96,True,0,0,0,,,,[]
MBPP,97,True,0,0,0,,,,[]
MBPP,98,True,0,0,0,,,,[]
MBPP,99,True,0,0,0,,,,[]
MBPP,100,True,0,0,0,,,,[]
MBPP,101,True,0,0,0,,,,[]
MBPP,102,True,0,0,0,,,,[]
MBPP,227,True,0,0,0,,,,[]
MBPP,228,True,0,0,0,,,,[]
MBPP,229,True,0,0,0,,,,[]
MBPP,230,True,0,0,0,,,,[]
MBPP,232,True,0,0,0,,,,[]
MBPP,233,True,0,0,0,,,,[]
MBPP,234,True,0,0,0,,,,[]
MBPP,235,True,0,0,0,,,,[]
MBPP,237,True,0,0,0,,,,[]
MBPP,238,True,0,0,0,,,,[]
MBPP,239,True,0,0,0,,,,[]
MBPP,240,True,0,0,0,,,,[]
MBPP,242,True,0,0,0,,,,[]
MBPP,244,True,0,0,0,,,,[]
MBPP,245,True,0,0,0,,,,[]
MBPP,246,True,0,0,0,,,,[]
MBPP,247,True,0,0,0,,,,[]
MBPP,248,True,0,0,0,,,,[]
MBPP,249,True,0,0,0,,,,[]
MBPP,250,True,0,0,0,,,,[]
MBPP,251,True,0,0,0,,,,[]
MBPP,252,True,0,0,0,,,,[]
MBPP,253,True,0,0,0,,,,[]
MBPP,255,True,0,0,0,,,,[]
MBPP,256,True,0,0,0,,,,[]
MBPP,257,True,0,0,0,,,,[]
MBPP,259,True,0,0,0,,,,[]
MBPP,260,True,0,0,0,,,,[]
MBPP,261,True,0,0,0,,,,[]
MBPP,262,True,0,0,0,,,,[]
MBPP,264,True,0,0,0,,,,[]
MBPP,265,True,0,0,0,,,,[]
MBPP,266,True,0,0,0,,,,[]
MBPP,267,True,0,0,0,,,,[]
MBPP,268,True,0,0,0,,,,[]
MBPP,269,True,0,0,0,,,,[]
MBPP,270,True,0,0,0,,,,[]
MBPP,271,True,0,0,0,,,,[]
MBPP,272,True,0,0,0,,,,[]
MBPP,273,True,0,0,0,,,,[]
MBPP,274,True,0,0,0,,,,[]
MBPP,276,True,0,0,0,,,,[]
MBPP,277,True,0,0,0,,,,[]
MBPP,278,True,0,0,0,,,,[]
MBPP,279,True,0,0,0,,,,[]
MBPP,280,True,0,0,0,,,,[]
MBPP,281,True,0,0,0,,,,[]
MBPP,282,True,0,0,0,,,,[]
MBPP,283,True,0,0,0,,,,[]
MBPP,284,True,0,0,0,,,,[]
MBPP,418,True,0,0,0,,,,[]
MBPP,419,True,0,0,0,,,,[]
MBPP,420,True,0,0,0,,,,[]
MBPP,421,True,0,0,0,,,,[]
MBPP,422,True,0,0,0,,,,[]
MBPP,424,True,0,0,0,,,,[]
MBPP,425,True,0,0,0,,,,[]
MBPP,426,True,0,0,0,,,,[]
MBPP,427,True,0,0,0,,,,[]
MBPP,428,True,0,0,0,,,,[]
MBPP,429,True,0,0,0,,,,[]
MBPP,430,True,0,0,0,,,,[]
MBPP,431,True,0,0,0,,,,[]
MBPP,432,True,0,0,0,,,,[]
MBPP,433,True,0,0,0,,,,[]
MBPP,434,True,0,0,0,,,,[]
MBPP,435,True,0,0,0,,,,[]
MBPP,436,True,0,0,0,,,,[]
MBPP,437,True,0,0,0,,,,[]
MBPP,438,True,0,0,0,,,,[]
MBPP,439,True,0,0,0,,,,[]
MBPP,440,True,0,0,0,,,,[]
MBPP,441,True,0,0,0,,,,[]
MBPP,442,True,0,0,0,,,,[]
MBPP,443,True,0,0,0,,,,[]
MBPP,444,True,0,0,0,,,,[]
MBPP,445,True,0,0,0,,,,[]
MBPP,446,True,0,0,0,,,,[]
MBPP,447,True,0,0,0,,,,[]
MBPP,448,True,0,0,0,,,,[]
MBPP,450,True,0,0,0,,,,[]
MBPP,451,True,0,0,0,,,,[]
MBPP,452,True,0,0,0,,,,[]
MBPP,453,True,0,0,0,,,,[]
MBPP,454,True,0,0,0,,,,[]
MBPP,455,True,0,0,0,,,,[]
MBPP,456,True,0,0,0,,,,[]
MBPP,457,True,0,0,0,,,,[]
MBPP,458,True,0,0,0,,,,[]
MBPP,459,True,0,0,0,,,,[]
MBPP,460,True,0,0,0,,,,[]
MBPP,461,True,0,0,0,,,,[]
MBPP,462,True,0,0,0,,,,[]
MBPP,463,True,0,0,0,,,,[]
MBPP,464,True,0,0,0,,,,[]
MBPP,465,True,0,0,0,,,,[]
MBPP,468,True,0,0,0,,,,[]
MBPP,470,True,0,0,0,,,,[]
MBPP,471,True,0,0,0,,,,[]
MBPP,472,True,0,0,0,,,,[]
MBPP,473,True,0,0,0,,,,[]
MBPP,474,True,0,0,0,,,,[]
MBPP,475,True,0,0,0,,,,[]
MBPP,476,True,0,0,0,,,,[]
MBPP,477,True,0,0,0,,,,[]
MBPP,478,True,0,0,0,,,,[]
MBPP,479,True,0,0,0,,,,[]
MBPP,103,True,0,0,0,,,,[]
MBPP,104,True,0,0,0,,,,[]
MBPP,105,True,0,0,0,,,,[]
MBPP,106,True,0,0,0,,,,[]
MBPP,108,True,0,0,0,,,,[]
MBPP,109,True,0,0,0,,,,[]
MBPP,111,True,0,0,0,,,,[]
MBPP,113,True,0,0,0,,,,[]
MBPP,115,True,0,0,0,,,,[]
MBPP,116,True,0,0,0,,,,[]
MBPP,117,True,0,0,0,,,,[]
MBPP,118,True,0,0,0,,,,[]
MBPP,119,False,1,0,0,SyntaxError,1.0,"invalid syntax (<unknown>, line 1)",[]
MBPP,120,True,0,0,0,,,,[]
MBPP,123,True,0,0,0,,,,[]
MBPP,124,True,0,0,0,,,,[]
MBPP,125,True,0,0,0,,,,[]
MBPP,126,True,0,0,0,,,,[]
MBPP,127,True,0,0,0,,,,[]
MBPP,128,True,0,0,0,,,,[]
MBPP,129,True,0,0,0,,,,[]
MBPP,130,True,0,0,0,,,,[]
MBPP,131,True,0,0,0,,,,[]
MBPP,132,True,0,0,0,,,,[]
MBPP,133,True,0,0,0,,,,[]
MBPP,135,True,0,0,0,,,,[]
MBPP,137,True,0,0,0,,,,[]
MBPP,138,True,0,0,0,,,,[]
MBPP,139,True,0,0,0,,,,[]
MBPP,140,True,0,0,0,,,,[]
MBPP,141,True,0,0,0,,,,[]
MBPP,142,True,0,0,0,,,,[]
MBPP,143,True,0,0,0,,,,[]
MBPP,145,True,0,0,0,,,,[]
MBPP,160,True,0,0,0,,,,[]
MBPP,161,True,0,0,0,,,,[]
MBPP,162,True,0,0,0,,,,[]
MBPP,163,True,0,0,0,,,,[]
MBPP,164,True,0,0,0,,,,[]
MBPP,165,True,0,0,0,,,,[]
MBPP,166,True,0,0,0,,,,[]
MBPP,167,True,0,0,0,,,,[]
MBPP,168,True,0,0,0,,,,[]
MBPP,170,True,0,0,0,,,,[]
MBPP,171,True,0,0,0,,,,[]
MBPP,172,True,0,0,0,,,,[]
MBPP,222,True,0,0,0,,,,[]
MBPP,223,True,0,0,0,,,,[]
MBPP,224,True,0,0,0,,,,[]
MBPP,226,True,0,0,0,,,,[]
